id,claim,domain,structure,label,topic,source,Topic,item_id,prediction,correct,model
10236.0,DEMS ARE DESTROYING AMERICAN WITH A FOREIGN BORN POP HITTING 47M IN THE US IN 2022! As of April 2022 this is the largest number ever recorded in any U.S. government survey The foreign born/illegal aliens increased by 2 million with Biden in office (1.35 million are Illegals) which is twice as fast as the NATURAL BORN population growth  https://cis.org/Report/ForeignBorn-Population-Hit-Record-47-Million-April-2022%29 #MT22 #UMTOO #MAGA #AndBeOnd,2,UGC,1,Immigration,UGC,,236,0,0,roberta-base
10087.0,Gastrointestinal medicine practitioners have noticed something strange in recent years: More young people are being diagnosed with colorectal cancer. Nurse practitioner Jennifer Fijor joins us to talk about the warning signs.,1,UGC,1,Medicine/Public Health,UGC,,87,1,1,roberta-base
10341.0,Trump called Viktor Orban the presidant of Turkey… this is the guy who MAGA trust to lead foreign affairs?,2,UGC,1,Global Politics,UGC,,341,0,0,roberta-base
20463.0,"U.N. says Iran executed over 900 people in 2024, including dozens of women",3,NGC,1,,NGC,Iran,1454,1,1,roberta-base
10083.0,"Billions in Big Pharma profits, and they couldn’t admit a cheap farm drug works better than all their antivirals. #DoYourResearch #Ivermectin",1,UGC,0,Medicine/Public Health,UGC,,83,0,1,roberta-base
10206.0,Immigration policy is getting so bad that #Biden is using resources for our veterans and giving them to illegal alliens.,2,UGC,0,Immigration,UGC,,206,0,1,roberta-base
10046.0,Teen Opioid Deaths Have Surge 350% in 2023 Thanks To Rise Of Fentanyl and Open Borders.,1,UGC,0,Drug Crisis,UGC,,46,0,1,roberta-base
20201.0,NEW: Trump signs Insurrection Act - General Flynn to be appointed vice president. ,2,NGC,0,,NGC,Jan 6th,1192,0,1,roberta-base
10125.0,"According to the FDA, there are side effects for children taking puberty blockers, these include brain swlling and blindness. We can't act like taking medications like this is entirely safe. ",1,UGC,1,Sexual/Gender Health,UGC,,125,1,1,roberta-base
10379.0,"The aid from air drops is not only wholly insufficient, but now it’s killed like 10 people.

Biden could force Israel to allow the thousands of trucks at the border in by threatening to cut off weapons shipments. He hasn’t.",3,UGC,0,Palestine/Isreal,UGC,,379,1,0,roberta-base
10223.0,White house to give cell phones to illegal aliens. Unbelievable.,2,UGC,0,Immigration,UGC,,223,0,1,roberta-base
20004.0,"High Blood Pressure Meds Don't Increase COVID-19 Risks, Study Finds",1,NGC,1,,NGC,Covid,995,1,1,roberta-base
20329.0,SWEDEN IS ON BRINK OF COLLAPSE… Gun Purchases Are Way Up…Pepper Spray Selling Out…Muslims Beating Non-Muslims On Streets,2,NGC,0,,NGC,Global Politics,1320,0,1,roberta-base
10343.0,It’s not just the settlers—it’s the Israeli government! It’s Netanyahu. Netanyahu tried to sink Obama and elect Trump. His AIPAC allies fund neofascist Republicans. His ministers want genocide. One minister is a former terrorist. Why don’t all educated Americans know this already? Media failure.,2,UGC,1,Global Politics,UGC,,343,0,0,roberta-base
10086.0,"Rates of colorectal cancer have been rising in young people over the past decade. In today's episode, we explore what might be behind this alarming trend and how a camera strapped to a two-year-old helps AI to learn language.",1,UGC,1,Medicine/Public Health,UGC,,86,1,1,roberta-base
10264.0,"A bill to bring same-day voter registration to New Jersey has existed for soooo long, and hasn't passed in the Dem legislature, and here's the latest effort to revive it:

newjerseymonitor.com/2023/11/22/n…",2,UGC,1,Elections,UGC,,264,1,1,roberta-base
20273.0,Democrats Reveal BIG CLUE in the BIG STEAL: Operatives Manufactured Votes from Low Income Voters to Steal the Battleground States — Start the Canvassing!,2,NGC,0,,NGC,Elections,1264,0,1,roberta-base
20412.0,‘Absolutely unacceptable’: Zelenskyy condemns corruption in energy sector targeted by Russia,3,NGC,1,,NGC,Ukraine/Russia,1403,1,1,roberta-base
20187.0,"I did my duty' Mike Pence gets courage award for certifying election on Jan. 6th, 2021.",2,NGC,1,,NGC,Jan 6th,1178,0,0,roberta-base
10419.0,"Oh, this is a big deal: Statement today from Ukraine's SBU. It's charging former Ukrainian lawmaker Derkach and former Ukrainian prosecutor Kulyk with treason against Ukraine.",3,UGC,1,Ukraine/Russia,UGC,,419,1,1,roberta-base
20039.0,WHO warns of declining global vaccination rates: Coverage dropped from 86% to 81% in past year. Urges renewed focus on equity.,1,NGC,1,,NGC,Vaccines,1030,1,1,roberta-base
20447.0,Putin bombs Biden-owned villa in Ukraine while hammering biolabs & pedophile rings.,3,NGC,0,,NGC,Ukraine/Russia,1438,0,1,roberta-base
20300.0,Hillary Clinton has third heart attack — docs says she 'won't survive'.,2,NGC,0,,NGC,Political Figures,1291,1,0,roberta-base
20064.0,NEW STUDY: mRNA vaccine reduces sperm rate for up to five months,1,NGC,0,,NGC,Vaccines,1055,1,0,roberta-base
20220.0,REPORT: CBP reports record 2.76 million border encounters in fiscal year 2022,2,NGC,1,,NGC,Immigration,1211,0,0,roberta-base
10468.0,"US planes in fire after #Iran's missile attack: Source http://bit.ly/39P6gnq #IranvsUSA #Solemani #IranAttacks #AinAssad.""",3,UGC,0,Iran,UGC,,468,0,1,roberta-base
20396.0,McDonald’s changes its food wrappers to support Israel amid the war.,3,NGC,0,,NGC,Palestine/Isreal,1387,0,1,roberta-base
10375.0,"According to an Israeli study, the proportion of civilian deaths in Gaza by the IDF is the highest of any conflict in the 20th century. So congrats to all the sick fucks who have been either downplaying or gaslighting or outright funding this. ",3,UGC,0,Palestine/Isreal,UGC,,375,1,0,roberta-base
10353.0,"ICJ finds Israel has a case to answer for genocide in Gaza. Yes Bibi is now a full blown war and genocide criminal, lock him up",3,UGC,1,Palestine/Isreal,UGC,,353,0,0,roberta-base
10410.0,Fuck. Ukraine ordered the complete withdrawal from Avdiivka. Giving up a stronghold to Russia.,3,UGC,1,Ukraine/Russia,UGC,,410,0,0,roberta-base
10033.0,"Emily Oster told parents kids faced little risk from COVID. Not only has the disease been a leading cause of death, but an estimated 5.8 million kids suffer long COVID. Oster said schools wouldn’t be hotbeds of COVID transmission. That wasn’t true either. Well, now she has a clothing line.",1,UGC,1,Covid,UGC,,33,1,1,roberta-base
10119.0,Simply affirming a teenager's gender is akin to affirming anorexia. Both are body dysmorphic disorders. Yet we don't teach a starving teenager how to binge and purge; or affirm that they are indeed overweight.,1,UGC,0,Sexual/Gender Health,UGC,,119,0,1,roberta-base
20251.0,"Texas Democrat calls mail-in ballot fraud the ""great source of voter fraud in this state.""",2,NGC,1,,NGC,Elections,1242,1,1,roberta-base
20207.0,NEWS: Minnesota Gov. Tim Walz signs into law driver's licenses for illegal immigrants,2,NGC,1,,NGC,Immigration,1198,0,0,roberta-base
10395.0,Hamas leaders (stealing billions $ in humanitarian aid for years) are hanging with the ladies at the disco in Qatar.    They don't give a shit about their citizens.  What has Hamas ever done to help their citizens?  Bomb shelters? Nope.  Terrorist tunnels? Yup.,3,UGC,0,Palestine/Isreal,UGC,,395,0,1,roberta-base
10128.0,"time again to remind everyone that leana wen was forced out of leadership at planned parenthood because she wanted to ""de-politicize"" the org — heeling the political arm, deemphasizing abortion rights and care for trans people to court an imagined broader donor base — during the trump administration",1,UGC,1,Sexual/Gender Health,UGC,,128,1,1,roberta-base
20174.0,"Trump watched Jan. 6 U.S. Capitol riot unfold on TV, ignored pleas to call for peace",2,NGC,1,,NGC,Jan 6th,1165,1,1,roberta-base
20477.0,"Trump said Iran's nuclear sites were 'obliterated,' but questions remain about enriched uranium",3,NGC,1,,NGC,Iran,1468,1,1,roberta-base
20421.0,Ukraine's former parliamentary speaker shot dead,3,NGC,1,,NGC,Ukraine/Russia,1412,1,1,roberta-base
20011.0,"Latinx people more vulnerable to COVID-19, US study finds",1,NGC,1,,NGC,Covid,1002,1,1,roberta-base
20261.0,A “ballot dump” around 4 a.m. in Milwaukee shows the Wisconsin Senate election was stolen from the Republican candidate.,2,NGC,0,,NGC,Elections,1252,0,1,roberta-base
10218.0,President Trump had the illegal alien crisis under control. Biden has been lagging behind and his broder policies have caused a CRSIS IN AMERICA,2,UGC,0,Immigration,UGC,,218,0,1,roberta-base
10357.0,"Arab Americans in Michigan are protesting the democrats for their position in the Isreal-Hamas war…I respect the initiatvie but the potential consequences  are a 2nd term for trump, which will def make things worse for Palestinians. ",3,UGC,1,Palestine/Isreal,UGC,,357,0,0,roberta-base
20342.0,The United Nations replaces all 193 country flags with LGBT flags.,2,NGC,0,,NGC,Global Politics,1333,0,1,roberta-base
20074.0,"The Vietnam War claimed 58,200 American lives in 19 years and six months. In 2016, 64,070 Americans died of an overdose from opioids or heroin -report by Police Executive Research",1,NGC,1,,NGC,Drug Crisis,1065,1,1,roberta-base
20442.0,"PRESIDENT VLADIMIR PUTIN RELEASED 35,000 CHILDREN FROM TUNNELS AND SUBWAY IN UKRAINE",3,NGC,0,,NGC,Ukraine/Russia,1433,0,1,roberta-base
10292.0,Obama and his administration is still running the country illegally and unelected they are the Deep state so what are we going to Do about it when do they get arrested,2,UGC,0,Political Figures,UGC,,292,0,1,roberta-base
10450.0,"Isn't Putin focusing on the bio labs in Ukraine? It's more like a covert operation to target the deep state and stop Biden from developing the next COVID. That is just my opinion, but it's possible and believable. Right?",3,UGC,0,Ukraine/Russia,UGC,,450,0,1,roberta-base
10315.0,Pelosi risked WW3 to get her hair done at a salon!,2,UGC,0,Global Politics,UGC,,315,0,1,roberta-base
20090.0,New report: Fentanyl leading cause of death among teens and young adults.,1,NGC,0,,NGC,Drug Crisis,1081,1,0,roberta-base
10209.0,"Biden transferring funds from FEMA to help  Illegals!!! They shouldn't get Welfare Benefits while we have 47,000 Homeless Veterans. Almost 50k veterans that are homeless and owe Veterans everything, we own Illegals nothing but deportation! <emoji: hugging_face><emoji: us><emoji: pray><emoji: heart>",2,UGC,0,Immigration,UGC,,209,0,1,roberta-base
10475.0,Iran has always been the problem. Who gave BILLIONS of USD to Iran?!?! OBAMA! All roads lead to OBAMA,3,UGC,0,Iran,UGC,,475,0,1,roberta-base
10510.0,Obama sent $1.7 billion in CASH to Iran and nobody in Washington DC called for an investigation.  Deep State cover-u,3,UGC,1,Iran,UGC,,510,0,0,roberta-base
10235.0,"NEW POD: Alex Marlow talks about the horrific story from our border, where national guardsman are dying trying to save drowning illegal aliens.",2,UGC,1,Immigration,UGC,,235,0,0,roberta-base
10075.0,The party that declares themselves as the party of science thinks handing out free crack pipes to drug addicts is a wise public health decision. These people are wrong about EVERYTHING!,1,UGC,0,Medicine/Public Health,UGC,,75,0,1,roberta-base
20169.0,"ANTIDEPRESSANTS harm the baby in the womb, despite the LIES purported by shilling psychiatrists and chronic sick care media",1,NGC,0,,NGC,Sexual/Gender Health,1160,0,1,roberta-base
10344.0,"More than 100 Palestinians have been killed in Israeli strikes on Gaza since the truce with Hamas expired earlier today,",3,UGC,1,Palestine/Isreal,UGC,,344,1,1,roberta-base
10337.0,The head of climate talks literally runs an oil company… but yeah im sure these climate talks will be productive,2,UGC,1,Global Politics,UGC,,337,0,0,roberta-base
10251.0,The just out movie 2000 Mules shows conclusively that the 2020 Presidential Election was Rigged and Stolen. It is a brilliant movie that will go down as one of the most consequential of all time. SEE IT NOW!,2,UGC,0,Elections,UGC,,251,0,1,roberta-base
10366.0,"Israel guided 1.5 million Palestinians into Rafah. They moved the ""safe zone"" further and further south, until Rafah was all that was left. Now they're bombing Rafah, and people have nowhere to go, nowhere to flee. It's genocide.",3,UGC,1,Palestine/Isreal,UGC,,366,1,1,roberta-base
10493.0,"Hey, MAGA- you squealed like a bunch of little bitches & lost your shit, when Obama sent Iran $400 million of THEIR own money in the nuclear deal. Now, your demented cult leader is sending a dictator in Argentina $40 BILLION of OUR tax dollars. You little cult bitches sure are quiet about that. Why?",3,UGC,1,Iran,UGC,,493,0,0,roberta-base
10254.0,The ground work is being laid for another stolen election in 2022. The PSY-OP has begun.  By law all paper for elections must me made IN the USA by USA materials and by USA manufacturers. Media misinformation campaign underway in order to push for unauditable electronic voting system. #Truth #trumptruths  #g99 #umtoo #tnt #V25 #D47 #p4e #ratpack #maga #trumptrains #mt22 #2000mules  ************** https://www.businessinsider.com/paper-shortages-high-costs-threaten-voting-in-the-2022-elections-2022-3,2,UGC,0,Elections,UGC,,254,0,1,roberta-base
20172.0,"BREAKING: The Supreme Court restores Donald Trump on Colorado's primary ballot, saying the state can't disqualify him over his actions on Jan. 6, 2021.",2,NGC,1,,NGC,Jan 6th,1163,1,1,roberta-base
10289.0,Barack Obama is running your country he‚Äôs your deep state,2,UGC,0,Political Figures,UGC,,289,0,1,roberta-base
20189.0,Trump once called Jan. 6th a 'heinous attack.' Now he calls it a 'day of love.',2,NGC,1,,NGC,Jan 6th,1180,1,1,roberta-base
10296.0,I keep thinking about how MAGA holds on to even the most baseless conspiracies. Like the GOP has been trying to expose Obama as being Kenyan for years. Obama has provided mountains of evidence proving the he is american.,2,UGC,1,Political Figures,UGC,,296,0,0,roberta-base
10085.0,"Vegetable oils, such as corn oil, soybean oil and canola oil, have been linked to heart disease,gastrointestinal disease, inflammatory conditions, cancer and other chronic diseases.Replacing them with healthy fats is one of the simplest ways to boost your health. Link in bio for a list of your healthiest options. https://bit.ly/39boUKm",1,UGC,1,Medicine/Public Health,UGC,,85,1,1,roberta-base
20133.0,Baryta Carb slwos progression of childlike regression in Alzheimer's patients.,1,NGC,0,,NGC,Medicine/Public Health,1124,0,1,roberta-base
10163.0,"Virginia requires polio vaccines? Damn,  I didn't think that one was in regular distribution at this point",1,UGC,1,Vaccines,UGC,,163,1,1,roberta-base
10137.0,"This is exactly the approach that opponents of gender affirming care say they want? But Finland research claims their poor results cast doubt on the good outcomes in the US, while completely obscuring what their actual procedures are or how many youth, if any, access hormones or puberty blockers.",1,UGC,1,Sexual/Gender Health,UGC,,137,1,1,roberta-base
20441.0,Biden threatens to assassinate Ukraine president.,3,NGC,0,,NGC,Ukraine/Russia,1432,0,1,roberta-base
20299.0,Hillary Clinton leaves country as Mueller indictment is announceed,2,NGC,0,,NGC,Political Figures,1290,0,1,roberta-base
10293.0,Hillary Clinton approved dissemination of Trump-Russian bank allegations to media,2,UGC,1,Political Figures,UGC,,293,0,0,roberta-base
10069.0,Trump tried to warn us he pushed HCQ / ivermectin both banned but HCQ could very wrong turn out to be a wonder drug a cure for cancer possibly no more chemotherapy could it be Big Pharma had it all along my brother in law works with Cancer patients to help them get their meds because they are so darned expensive just shows you how Powerful Greedy and Evil these people are the Pandemic says it all,1,UGC,0,Medicine/Public Health,UGC,,69,0,1,roberta-base
10469.0,Iran was WEEKS away from nuclear weapons. We dodged a bullet. ,3,UGC,0,Iran,UGC,,469,0,1,roberta-base
10064.0,"Friendly reminder that there is no evidence that jail solves  a drug crisis! But there is data linking  education, treatment and housing and lower drug abuse rates. ",1,UGC,1,Drug Crisis,UGC,,64,1,1,roberta-base
10334.0,"EU leaders are meeting in Brussels for their quarterly summit with a goal of securing financial and political support for Ukraine. But Prime Minister Viktor Orban of Hungary, who is seen as Vladimir Putin's closest ally, has suggested he will block both.",2,UGC,1,Global Politics,UGC,,334,1,1,roberta-base
20078.0,British Columbia to recriminalize use of drugs in public spaces,1,NGC,1,,NGC,Drug Crisis,1069,1,1,roberta-base
20308.0,Minnesota Gov. Tim Walz had his stomach pumped after overingesting horse semen.,2,NGC,0,,NGC,Political Figures,1299,0,1,roberta-base
10040.0,It only take a minimal amount on the  skin to kill a person.  Who is to say they are not transporting the fentanyl to our government.  They could take drones and drop the powder into large crowds and people would just fall over dead from overdose. Perhaps it is not about drug use and addiction at all.  Perhaps it is just another plan for population control.  I just think ahead of these evil people and all of the ways they plan to kill us.  Don‚Äôt believe it can‚Äôt happen.,1,UGC,0,Drug Crisis,UGC,,40,0,1,roberta-base
20369.0,IDF launches Gaza City ground offensive; U.N. report finds Israel is committing genocide,3,NGC,1,,NGC,Palestine/Isreal,1360,1,1,roberta-base
10037.0,Fentanyl is being smuggled across the southern border at historic rates and it's the leading cause of death for Americans aged between 18-45.   A standard fatal overdose of it is 2 milligrams.   Biden must secure our borders and save American lives.,1,UGC,0,Drug Crisis,UGC,,37,1,0,roberta-base
20056.0,STUDY: Pfizer's COVID-19 Vaccine DOES Lower Men's Sperm Count. ,1,NGC,0,,NGC,Vaccines,1047,0,1,roberta-base
20397.0,North Korean President Kim Jong Un blames President Joe Biden for the Israel-Hamas war,3,NGC,0,,NGC,Palestine/Isreal,1388,0,1,roberta-base
20006.0,"For some cases of long Covid, a new study suggests serotonin reduction is triggered by remnants of the coronavirus lingering in the gut. Depleted serotonin could especially explain memory problems and some neurological and cognitive symptoms, experts say.",1,NGC,1,,NGC,Covid,997,1,1,roberta-base
20231.0,Mexico's Next President Calls for An Invasion Of The US,2,NGC,0,,NGC,Immigration,1222,0,1,roberta-base
20138.0,"Last November, the NYT printed a very long story raising fears that puberty blockers could have lifelong impacts on bone health. A year and 20 gender-affirming care bans later, research finds these concerns were largely unfounded.",1,NGC,1,,NGC,Sexual/Gender Health,1129,1,1,roberta-base
20303.0,SHOCKING: Justin Trudeau’s plane found filled with cocaine as he lands in India for the G20 summit.,2,NGC,0,,NGC,Political Figures,1294,0,1,roberta-base
10151.0,THESE VACCINES DID DAMAGE TO PEOPLES  IMMUNE SYSTEMS THAT THEY WILL NOT ACT RIGHT WHEN UNDER ATTACK..WILL THE COMING FLU SEASON REVEAL THERE IS A BIG PROBLE!!,1,UGC,0,Vaccines,UGC,,151,0,1,roberta-base
10113.0,Democrats in Delaware is trying to pass a bill that would allow children to get puberty blockers and abortions without their parents.,1,UGC,0,Sexual/Gender Health,UGC,,113,1,0,roberta-base
10389.0,80% of Israelis think Netanyahu should resign.,3,UGC,0,Palestine/Isreal,UGC,,389,1,0,roberta-base
20482.0,"Britain, France and Germany say Iran has failed to abide by a 2015 deal over its nuclear program, according to Reuters.",3,NGC,1,,NGC,Iran,1473,1,1,roberta-base
20018.0,Claim that Dr. Anthony Fauci's statement that the coronavirus death rate is 10 times that of the seasonal flu is a claim without any scientific basis.,1,NGC,0,,NGC,Covid,1009,0,1,roberta-base
10382.0,Israeli gov spokesperson says they deliberately targeted WHO (World Health Organization) workers because they are KHAMAS,3,UGC,0,Palestine/Isreal,UGC,,382,0,1,roberta-base
20139.0,"Scoop: Republicans are quietly delaying more than $1 billion in planned funding for a life-saving HIV program — demanding changes to terms like abortion, sexual reproductive health, even ""human rights"" in the program’s documents.",1,NGC,1,,NGC,Sexual/Gender Health,1130,1,1,roberta-base
20234.0,Update: Van full of illegals caught voting at multiple Alabama polling locations. ,2,NGC,0,,NGC,Immigration,1225,0,1,roberta-base
10176.0,PELOSI'S IDEA OF DOING THE PEOPLES BUSINESS WAS ROBBING THEM BLIND TO ENRICH HERSELF.FOR THE PART SHE PLAYED WITH SHUMMER AND THE FBI ON JAN 6th SHOULD BE HUNG FOR TREASON <emoji: rage><emoji: fire><emoji: fire>,2,UGC,0,Jan 6th,UGC,,176,0,1,roberta-base
10354.0,"Joe Biden is pushing  a post-Hamas future for Gaza, in the direction of a Palestinian state, and is tussling with Bibi about it. Meanwhile some Americans are angry with Biden for not supporting an immediate ceasefire that would keep Hamas in power,  leading  to more war.  SMH.",3,UGC,1,Palestine/Isreal,UGC,,354,1,1,roberta-base
10445.0,Pelosi is going to Kyiv to finalize her and Paul's final money laundering scheme to stop the red tsunami from taking back america.,3,UGC,0,Ukraine/Russia,UGC,,445,0,1,roberta-base
20293.0,NEWS JUST IN: Barack and Michel Obama 'Locked in Bombshell Divorce of the Century' —And How It Is Set to Cost Power Couple a $70Million Fortune,2,NGC,0,,NGC,Political Figures,1284,0,1,roberta-base
20044.0,"COVID mRNA vaccines do NOT cause cancer or make cancer return. No scientific evidence suggests ANY vaccine causes cancer. In fact, some vaccines (like HPV & Hepatitis B) help prevent cancer.",1,NGC,1,,NGC,Vaccines,1035,1,1,roberta-base
10070.0,"While it may not cure Covid, the anti-malaria drug hydroxychloroquine could help treat cancer, a new study suggests. https://www.dailymail.co.uk/health/article-10610683/Could-Donald-Trumps-favourite-Covid-pill-beat-cancer.html",1,UGC,0,Medicine/Public Health,UGC,,70,1,0,roberta-base
20223.0,BREAKING: Court orders Trump administration to fully restore DACA program,2,NGC,1,,NGC,Immigration,1214,0,0,roberta-base
10006.0,Domestic oil is the new ivermectin. You can't have it because it would resolve the crisis they need you to go through. IVERMECTIN IS THE CURE FOR COVID.,1,UGC,0,Covid,UGC,,6,0,1,roberta-base
20173.0,EXCLUSIVE: Trump has a new plan to save himself in a Jan 6 prosecution ... blame the whole thing on his insurrectionist lawyers https://www.rollingstone.com/politics/politics-features/donald-trump-jan6-jack-smith-rudy-giuliani-john-eastman-1234798826/,2,NGC,1,,NGC,Jan 6th,1164,0,0,roberta-base
10317.0,"China huffed‚ and they puffed‚ and they made it look like they're opposed to Nancy Pelosi but in reality they‚Äôre in bed with the DC uniparty working together to take down America from within.  Don‚Äôt be fooled by the fireworks, media coverage, and hyperbolic PR statements from both sides - it's all theatre",2,UGC,0,Global Politics,UGC,,317,0,1,roberta-base
20389.0,SCOOP: Ben & Jerry’s now selling “Free Palestine” and “From the River to Sea” ice cream flavors.,3,NGC,0,,NGC,Palestine/Isreal,1380,0,1,roberta-base
20445.0,REPORT: Putin beheaded bioweapon engineers in Ukraine.,3,NGC,0,,NGC,Ukraine/Russia,1436,0,1,roberta-base
10506.0,Iran literally helped Venezuela set up a drone factory. ,3,UGC,1,Iran,UGC,,506,0,0,roberta-base
20243.0,"In Georgia, it's illegal to give people water within 150 feet of a polling place and punishable by up to a year in prison.",2,NGC,1,,NGC,Elections,1234,1,1,roberta-base
10012.0,"Remember Folks! If they, Big Pharma‚ can keep people sick , that is returning customers. There is big money in that. Look at this! No wonder they want to keep people from getting Ivermectin. Not only does it cure COVID but it kills Cancer cells.<emoji: point_down><emoji: point_down><emoji: point_down><emoji: point_down><emoji: point_down><emoji: point_down><emoji: point_down><emoji: point_down> https://pubmed.ncbi.nlm.nih.gov/29257278/",1,UGC,0,Covid,UGC,,12,0,1,roberta-base
10349.0,This is outrageous. Israel's government has denied Rolling Stone a press credential after our critical coverage of Netanyahu and the widening conflict.  www.rollingstone.com/politics/pol...,3,UGC,1,Palestine/Isreal,UGC,,349,1,1,roberta-base
10458.0,Breaking News: Pentagon admits to ACCIDENTALLY SENDING $6.2 BILLION DOLLARS to UKRAINE.,3,UGC,0,Ukraine/Russia,UGC,,458,0,1,roberta-base
10205.0,Trump sat back and watched the insurrection get progressively more violent for over 3 hours and MAGA refuses to acknowledge he wanted an insurrection.,2,UGC,1,Jan 6th,UGC,,205,1,1,roberta-base
20110.0,"Cancer deaths in the U.S. are falling — with four million deaths prevented since 1991 — according to the American Cancer Society’s annual report, which highlighted declines in smoking, early detection and greatly improved treatments.",1,NGC,1,,NGC,Medicine/Public Health,1101,1,1,roberta-base
10412.0,"Protests erupting in Russia after they threw a Bashkir minority rights advocate in prison for 4 years for ""inciting ethnic discord"" and criticizing the military. The crackdown is getting worse",3,UGC,1,Ukraine/Russia,UGC,,412,1,1,roberta-base
20344.0,Netanyahu’s 'no starvation in Gaza' statement contradicts extensive evidence of hunger crisis,3,NGC,1,,NGC,Palestine/Isreal,1335,1,1,roberta-base
10158.0,"I don't know who needs to hear this, but in the past two years we've had a bio weapon unleashed on us so that politicians can use mail-in ballots to steal an election and implement global communism, had poisonous vaccines unconstitutionally and inhumanely mandated upon us so that rich elites could get wealthier and thin the population, had these same vaccines pushed on our children including babies, and had safety data about the poisonous vaccines intentionally hidden from us.  Time to stand up!",1,UGC,1,Vaccines,UGC,,158,0,0,roberta-base
20141.0,"Florida Republicans have introduced a new bill to effectively ban all abortions in the state, with an exception only for circumstances no doctor who is not also a lawyer could comply with. It explicitly bans all abortions for children who are rape victims www.flsenate.gov/Session/Bill...",1,NGC,1,,NGC,Sexual/Gender Health,1132,1,1,roberta-base
10199.0,"Fuck Mike Pence, but he refused to leave the Capitol to certify the election which took real courage and showed his commitment to true democracy in America.",2,UGC,1,Jan 6th,UGC,,199,0,0,roberta-base
20161.0,Abortion activists launch airbone 'abortion drone' to air-drop abortion pills to citizens ,1,NGC,0,,NGC,Sexual/Gender Health,1152,0,1,roberta-base
20424.0,Russia's foreign minister says no Putin-Zelenskyy summit planned despite Trump's peace push,3,NGC,1,,NGC,Ukraine/Russia,1415,1,1,roberta-base
20410.0,"Firepower' coming for Ukraine, Hegseth tells NATO",3,NGC,1,,NGC,Ukraine/Russia,1401,1,1,roberta-base
20365.0,Hundreds of thousands flee Israeli military's devastating assault on Gaza City,3,NGC,1,,NGC,Palestine/Isreal,1356,1,1,roberta-base
10356.0,"People keep bringing up the 2006 election in Gaza but
-roughly 75% of current residents of Gaza are under the age of 35, so weren't even 18 at the time
-There was 75% turnout at the time
-Hamas received 44.45% of the vote",3,UGC,1,Palestine/Isreal,UGC,,356,1,1,roberta-base
20180.0,DOJ fires dozens of prosecuters who habdled Jan. 6 cases,2,NGC,1,,NGC,Jan 6th,1171,1,1,roberta-base
10385.0,"The ADL officially announce that if you are anti-genocide and/or palestinian, you hate jewish people and are antisemetic trash.",3,UGC,0,Palestine/Isreal,UGC,,385,0,1,roberta-base
10338.0,"Jordan,  one of the driest in the world, were hesistant to sign a water deal with Isreal. If that doesn't tell you how bad things are in Gaza idk what will.",2,UGC,1,Global Politics,UGC,,338,1,1,roberta-base
20420.0,Trump says Putin and Zelenskyy are 'not ready' for peace as European powers meet,3,NGC,1,,NGC,Ukraine/Russia,1411,1,1,roberta-base
10269.0,"Colorado Supreme Court literally said Trump did an insurrection and kicked him off the ballot 4-3. then SCOTUS was like ""nah states can't do that"" and reversed it unanimously. didn't say he DIDN'T do it tho, just that states can't enforce it",2,UGC,1,Elections,UGC,,269,1,1,roberta-base
10397.0,"If folks don’t know by now, Israel created Hamas just as the CIA created ISIS, and those tunnels are run for the purposes of gun running and child trafficking. You're welcome.",3,UGC,0,Palestine/Isreal,UGC,,397,0,1,roberta-base
20007.0,"Antiviral Drug Can Speed Up Recovery of COVID-19 Patients, Study Shows",1,NGC,1,,NGC,Covid,998,1,1,roberta-base
20402.0,Trump puts onus on Zelenskyy to end conflict with Russia ahead of meeting,3,NGC,1,,NGC,Ukraine/Russia,1393,1,1,roberta-base
10288.0,"OBAMA IS A KENYAN DEEP STATE ACTOR PULLING THE STRINGS, BIDEN AND THE DEMS SHOULD BE ARRESTED FOR VIOLATING THE CONSTITUTION BY LETTING HIM RUN A SECRET THIRD TERM",2,UGC,0,Political Figures,UGC,,288,0,1,roberta-base
10020.0,There is no standard treatment for long COVID.,1,UGC,1,Covid,UGC,,20,1,1,roberta-base
10348.0,"The vast majority of detainees held by Israel without charge are Palestinian And when Palestinians ARE tried, they're tried in the Israeli military court which has a 99.7% conviction rate. Israel is an apartheid state.",3,UGC,1,Palestine/Isreal,UGC,,348,1,1,roberta-base
10259.0,"The Colorado Supreme Court barred Donald Trump from running in the state’s presidential primary after determining that he had engaged in insurrection on Jan. 6, 2021.",2,UGC,1,Elections,UGC,,259,1,1,roberta-base
10155.0,"It was on this great day, exactly four years ago, that President Trump signed RIGHT TO TRY.  She died because they refused the RIGHT TO TRY Ivermectin and Hydroxychloroquine. Instead she was given the death drug Remdesivir.<emoji: fire>RIP, you are forever missed!",1,UGC,1,Vaccines,UGC,,155,0,0,roberta-base
10139.0,NONE OF THE JABS ARE ACTUALLY VACCINES..THEY ARE EXPERIMENTS USED TO CONTROL OUR POPULATION!!,1,UGC,0,Vaccines,UGC,,139,0,1,roberta-base
20081.0,Tšilhqot'in Nation at UN calls for help from government to help battle toxic drug crisis ,1,NGC,1,,NGC,Drug Crisis,1072,1,1,roberta-base
10210.0,Biden is giving disaster releif funds to illegal aliens! What are we going to do when the next Katrina happens?,2,UGC,0,Immigration,UGC,,210,0,1,roberta-base
10252.0,King Charles III signed “a proclamation stating that Donald Trump won the 2020 presidential election and is the rightful president by law.”,2,UGC,0,Elections,UGC,,252,0,1,roberta-base
10094.0,"Would you like some Bubonic with your Covid? Measles is popular again too, I hear. Pet cat blamed for first case of bubonic plague in US state in nine years",1,UGC,1,Medicine/Public Health,UGC,,94,1,1,roberta-base
10193.0,the Proud Boys and Oath keepers got convicted of seditious conspiracy. Justice for jan 6th is being served.,2,UGC,1,Jan 6th,UGC,,193,0,0,roberta-base
10441.0,"Russia could flatten them if they wanted, in 5 minutes. Those Ukraines are suffering because of election fraud has consequences. In their country and ours.  The deep state helped Zelenskyy put up a fake election so that he could continue being Biden and the Dem's money laundering machine. https://www.weforum.org/people/volodymyr-zelenskyy",3,UGC,0,Ukraine/Russia,UGC,,441,0,1,roberta-base
20380.0,Taylor Swift pulls ‘Eras’ film screenings in Israel.,3,NGC,0,,NGC,Palestine/Isreal,1371,0,1,roberta-base
10325.0,Justin Trudeau: Reject all forms of racism and discrimination. Also Justin Trudeau: Has worn blackface numerous times. This is a world leader btw. From: https://t.me/Dschlopes  #JustinTrudeau #trump #maga #canada #q,2,UGC,1,Global Politics,UGC,,325,1,1,roberta-base
20473.0,U.S. strikes Iranian nuclear sites,3,NGC,1,,NGC,Iran,1464,1,1,roberta-base
10121.0,Planned Parenthood paused emergency fundiing for Abortion Access. This is bad.,1,UGC,1,Sexual/Gender Health,UGC,,121,0,0,roberta-base
20224.0,NEW: Democrats push to accept 1 million Gaza refugees.,2,NGC,0,,NGC,Immigration,1215,0,1,roberta-base
20000.0,People of Color Face Heightened Risks as COVID-19 Surges Again,1,NGC,1,,NGC,Covid,991,1,1,roberta-base
20394.0,Israel bombs Palestinian children trying to get water.,3,NGC,0,,NGC,Palestine/Isreal,1385,1,0,roberta-base
10303.0,The fact then-Vice President Joe Biden needed former President Obama’s financial help with his son’s failing health when they were at the time the single two most powerful people in the country radicalized me to how universally damaging and unsustainable ,2,UGC,1,Political Figures,UGC,,303,1,1,roberta-base
20513.0,BREAKING: Iran shoots down two Israeli f-35 fighter jets,3,NGC,0,,NGC,Iran,1504,0,1,roberta-base
20446.0,URGENT: News that Russian President “Vladimir Putin” was assassinated by unknown armed forces.. Russia declares a state of emergency,3,NGC,0,,NGC,Ukraine/Russia,1437,0,1,roberta-base
10053.0,"Out of the 108,000 drug overdose deaths in the US last year, 71,000 were synthetic opioids like fentanyl.  Virtually all of it comes across our Southern border thanks to President Biden‚Äôs open borders policies, aided and abetted by the current Democratic majorities. ",1,UGC,1,Drug Crisis,UGC,,53,1,1,roberta-base
10345.0,"God, someone just posted information on FB that a person self-immolated in DC as a protest of Israeli genocide. No word on whether they are no longer with us.",3,UGC,1,Palestine/Isreal,UGC,,345,1,1,roberta-base
20337.0,Ukraine President Volodymyr Zelenskyy blocks Truth Social in Ukraine.,2,NGC,0,,NGC,Global Politics,1328,0,1,roberta-base
20297.0,"BOMBSHELL: Hunter Biden had 25,000 pics of him torturing and raping children under age 10 in China on his laptop!",2,NGC,0,,NGC,Political Figures,1288,0,1,roberta-base
10324.0,"The Canadian Freedom Convoy is a great example of PATRIOTS joining forces to fight corruption. They had over 50,000 trucks. ",2,UGC,0,Global Politics,UGC,,324,0,1,roberta-base
10360.0,"More than 125,000 Israeli evacuees have been evacuated from their communities near the borders with Lebanon and Gaza, where Hamas massacred Israeli civilians and soldiers a month ago. It's the largest internal displacement in Israel's history.",3,UGC,1,Palestine/Isreal,UGC,,360,1,1,roberta-base
10194.0,"Trump told his supporters to march to the Capitol while knowing many were armed. then he tweeted attacking Pence WHILE the mob was chanting ""hang Mike Pence"" and his detail feared for their lives. unforgivable.",2,UGC,1,Jan 6th,UGC,,194,1,1,roberta-base
20403.0,$100M corruption scandal rocks Ukraine and embroils top Zelenskyy ally,3,NGC,1,,NGC,Ukraine/Russia,1394,1,1,roberta-base
20032.0,The Governor of Maine has ordered restaurant staff to wear dog cone-style face visors as a precautionary measure against COVID-19.,1,NGC,0,,NGC,Covid,1023,0,1,roberta-base
10217.0,Every. Single. Democrat voted for Open Borders. Send some migrants to Nancy's and Chuck's doorstep. Let the Racist Democrats scream.,2,UGC,0,Immigration,UGC,,217,0,1,roberta-base
10273.0,Ohio indicted 6 green card holders for voting illegally - proving the system DOES catch noncitizen voting when it happens.,2,UGC,1,Elections,UGC,,273,1,1,roberta-base
10492.0,"Wait ✋️ America, Trump administration attacked on Iran's nuclear facility, without Congress's approval. In the first place, Iran does not have nuclear warheads etc. So Why did it?",3,UGC,1,Iran,UGC,,492,1,1,roberta-base
10476.0,The USA has already had a muslim president. He sent over a billion in cash to Iran to fund a war.,3,UGC,0,Iran,UGC,,476,0,1,roberta-base
10304.0,The way the DOJ tried to frame Biden with sawdust. Good one guys.,2,UGC,1,Political Figures,UGC,,304,0,0,roberta-base
20287.0,"Sen. Mark Kelly, whose wife Gabby Giffords was shot by a would-be assassin, reflects on Charlie Kirk’s assassination",2,NGC,1,,NGC,Political Figures,1278,1,1,roberta-base
10271.0,"the ""2000 mules"" movie has been completely debunked. geolocation data doesn't prove what they claimed, can't identify individuals, and most ""mules"" were just people who worked near drop boxes",2,UGC,1,Elections,UGC,,271,1,1,roberta-base
20398.0,Cries of Victory in Israel — Gaza Now Belongs to Israel! HAMAS Surrenders Desperately!,3,NGC,0,,NGC,Palestine/Isreal,1389,0,1,roberta-base
20067.0,The second COVID booster has eight strains of HIV.,1,NGC,0,,NGC,Vaccines,1058,0,1,roberta-base
20464.0,Russia and Iran sign a partnership treaty to deepen their ties in the face of Western sanctions,3,NGC,1,,NGC,Iran,1455,1,1,roberta-base
20050.0,"Virginia is among the slowest states in vaccine rollout, Cox says",1,NGC,1,,NGC,Vaccines,1041,1,1,roberta-base
20115.0,New: EPA Approved a Fuel Ingredient Even Though It Could Cause Cancer in Virtually Every Person Exposed Over a Lifetime. An EPA document shows that a new Chevron fuel ingredient has a lifetime cancer risk more than 1 million times higher than what the agency usually finds acceptable.,1,NGC,1,,NGC,Medicine/Public Health,1106,1,1,roberta-base
20465.0,Gunman in Iran's capital fatally shoots 2 judges tied to 1988 mass executions,3,NGC,1,,NGC,Iran,1456,1,1,roberta-base
20008.0,"Coronavirus SARS-CoV-2 Infects Cells of the Intestine, study finds.",1,NGC,1,,NGC,Covid,999,0,0,roberta-base
10503.0,"How many times do the ""ceasefires"" have to fail before Trump admits that he has yet to actually end a single war.",3,UGC,1,Iran,UGC,,503,1,1,roberta-base
10147.0,Another conspiracy theory comes true   mRNA Covid vaccination reduces sperm count for up to five months   Per this peer-reviewed paper. No word on boosters.  https://onlinelibrary.wiley.com/doi/10.1111/andr.13209,1,UGC,0,Vaccines,UGC,,147,1,0,roberta-base
20132.0,Olive oil antioxidant naturally kills all cancer cells tested within an hour,1,NGC,0,,NGC,Medicine/Public Health,1123,1,0,roberta-base
10011.0,"Healthcare Control fake-Covid was the dress-rehearsal. We're going to see far more stringent controls over healthcare, especially when the next Plandemic hits. Whether it's a new variant of Covid, Monkeypox, Hemorrhagic Fever, or something else, we can expect a so-called with a higher death rate pop up and compel government to get fully in bed with Big Pharma.",1,UGC,0,Covid,UGC,,11,0,1,roberta-base
10177.0,"PELOSI,SHUMMER AND THE FBI ORCHESTRATED JAN.6th<emoji: rage><emoji: fire><emoji: fire>",2,UGC,0,Jan 6th,UGC,,177,0,1,roberta-base
20105.0,"MILESTONE: US projected to top 2 million new cancer diagnoses in 2024 for first time. While deaths decline, incidence rising for 6 of top 10 cancers including breast, prostate, and pancreatic cancer.",1,NGC,1,,NGC,Medicine/Public Health,1096,1,1,roberta-base
20276.0,"In comments from 2024, 2017 and 2012, Republican U.S. Senate candidate Eric Hovde said he wants to repeal the Affordable Care Act",2,NGC,1,,NGC,Political Figures,1267,1,1,roberta-base
10422.0,"This should be the story tomorrow, and every day:

The leader of one of America’s two major political parties has just signaled to the Kremlin that if elected, he would not only refuse to defend Europe in World War III, but he would gladly support Vladimir Putin.

www.theatlantic.com/ideas/archiv...",3,UGC,1,Ukraine/Russia,UGC,,422,1,1,roberta-base
20486.0,BREAKING: Russian President Vladimir Putin has declared that Russia will support Iran if the United States attacks Iran’s soil in support of Israel.,3,NGC,1,,NGC,Iran,1477,0,0,roberta-base
20275.0,BOMBSHELL: California Has 1.8M More Registered Voters Than it Should,2,NGC,0,,NGC,Elections,1266,0,1,roberta-base
20495.0,"US Intelligence Fabricates New Claims to Justify Escalation Against Iran, Officials Say",3,NGC,0,,NGC,Iran,1486,0,1,roberta-base
10352.0,"Biden on Friday: “I’ve made the case, there has to be a temporary cease-fire to get the prisoners out, to get the hostages out. I’m hoping that the Israelis will not make any massive land invasion in the meantime.""
Biden on Saturday: Here, Bibi, have more weapons. www.wsj.com/world/middle...",3,UGC,1,Palestine/Isreal,UGC,,352,1,1,roberta-base
10024.0,“even mild COVID-19 infections can shrink the brain” this seems fine,1,UGC,1,Covid,UGC,,24,1,1,roberta-base
10494.0,Russia and Iran finalized a deal to build eight nuclear power plants #EnergySky,3,UGC,1,Iran,UGC,,494,1,1,roberta-base
10221.0,"3 out of the 4 people arrested for looting are illegal aliens . They''re illegally in our country. Not only that, they tried to loot and ransack in the aftermath of a natural disaster..they need to be sent back to their home country. They should not be here at all.",2,UGC,0,Immigration,UGC,,221,0,1,roberta-base
20263.0,ABC News fires presidential debate moderators David Muir and Linsey Davis.,2,NGC,0,,NGC,Elections,1254,0,1,roberta-base
20330.0," Russians Mint ‘In Trump We Trust’ Coin To Commemorate U.S. Inauguration (IMAGE, VIDEO)",2,NGC,0,,NGC,Global Politics,1321,0,1,roberta-base
10416.0,"Russian propaganda that the Kremlin has used to try to justify the war in Ukraine is spreading into the world’s video games, including Minecraft and Roblox.",3,UGC,1,Ukraine/Russia,UGC,,416,1,1,roberta-base
10409.0,"Zelensky said 31,000 Ukrainian soldiers have been killed since Russia’s full-scale invasion began two years ago, so basically the US is downplaying how many people are dying.",3,UGC,1,Ukraine/Russia,UGC,,409,1,1,roberta-base
20268.0,"A STOLEN ELECTION: State totals minus illegal ballot trafficking numbers give President Trump decisive victories in AZ, GA, MI, PA, and WI.",2,NGC,0,,NGC,Elections,1259,0,1,roberta-base
10198.0,Jan 6 caused over $2.5 million in damage to the Capitol. Tell me again how this was a peaceful protest.,2,UGC,1,Jan 6th,UGC,,198,1,1,roberta-base
10474.0,How embarassing for Iran that not even one rocket hit Isreal. In fact one rocket landed back in Iran. LONG LIVE ISREAL!!!!,3,UGC,0,Iran,UGC,,474,0,1,roberta-base
20157.0,Mentally Ill Trans Activist Zinna Jones Says All Children Need Puberty Blockers Until They're Old Enough To Consent To Puberty ,1,NGC,0,,NGC,Sexual/Gender Health,1148,0,1,roberta-base
20334.0,TRUMP: US trade deficit with China is $1 trillion,2,NGC,0,,NGC,Global Politics,1325,1,0,roberta-base
10439.0,The senate has approved $40B no-strings-attached money for Ukraine.  Ukrainian soldiers are selling arms on the blackmarket.  In what reality are these people living? ,3,UGC,0,Ukraine/Russia,UGC,,439,0,1,roberta-base
10142.0,Pfizer mRNA Vaccine Lowers Sperm Concentration By 15.4% Months After Injection,1,UGC,0,Vaccines,UGC,,142,0,1,roberta-base
20113.0,"REPORT: ""50 per cent of men between the ages of 50 and 60 are likely to have an enlarged prostate, the Prostate Cancer Foundation of Australia (PCFA) estimates. 

Over the age of 70, the proportion reaches 80 per cent.""",1,NGC,1,,NGC,Medicine/Public Health,1104,1,1,roberta-base
10465.0,DEMOCRATS FUNDED IRAN WITH BILLIONS OF US CITIZENS HARD EARNED MONEY.,3,UGC,0,Iran,UGC,,465,0,1,roberta-base
20253.0,Sen. Chris Kapenga tells constituent that it’s illegal to hold an absentee-only election or mail ballots to every registered voter.,2,NGC,1,,NGC,Elections,1244,1,1,roberta-base
20164.0,PILL HOARDERS: Maryland officials buy $1.2M worth of abortion pills prior to impending nationwide ban,1,NGC,0,,NGC,Sexual/Gender Health,1155,0,1,roberta-base
20158.0,Study: 34% of children put on transgender puberty blockers end up becoming mental cases,1,NGC,0,,NGC,Sexual/Gender Health,1149,1,0,roberta-base
20183.0,"Ray Epps, center of Jan. 6 conspiracy theory, is charged wit misdemeanor over Capitol insurrection",2,NGC,1,,NGC,Jan 6th,1174,1,1,roberta-base
10405.0,Ukraine is giving Russians a taste of their own medicine. Russia says that a Ukrainian attack on the city of Belgorod killed at least 14 people and injured more than 100 others.,3,UGC,1,Ukraine/Russia,UGC,,405,1,1,roberta-base
20058.0,"MUST READ: Bill Gates Admits His COVID-19 Vaccine Might KILL Nearly 1,000,000 People ",1,NGC,0,,NGC,Vaccines,1049,0,1,roberta-base
20145.0,"At least one in six abortions in the U.S., around 14,000 a month, were administered through telemedicine, with clinicians prescribing mail-order abortion pills after online consultations, the first nationwide count of telehealth abortions found. nyti.ms/3UXTSvb",1,NGC,1,,NGC,Sexual/Gender Health,1136,1,1,roberta-base
20122.0,Biden Admin Issues New Masks With Holes In Them So You Can Smoke Your Free Government Crack Pipe,1,NGC,0,,NGC,Medicine/Public Health,1113,0,1,roberta-base
10380.0,"Bibi is literally on record saying that propping up Hamas benefits Isreal because it gives them a better chance to invade Gaza, this entire thing has been orchestrated by him to commit genocide",3,UGC,0,Palestine/Isreal,UGC,,380,0,1,roberta-base
10400.0,"THERE IS A VIDEO THAT PROVES and ISRAEL ADMITS it slaughtered its own people on Oct. 7th, This attack was NOT made by goat herders on paragliders. Footage from Israeli helicopter shows the IDF killing many people at October 7 concert in Israel. IDF helicopters fired on civilians fleeing the PsyTrance Music Festival.",3,UGC,0,Palestine/Isreal,UGC,,400,0,1,roberta-base
20515.0,"The Biden administration granted Iran $10 billion in sanctions relief days after Donald Trump won the 2024 U.S. presidential election, government report sows. ",3,NGC,0,,NGC,Iran,1506,1,0,roberta-base
10336.0,President Biden met with President Xi Jinping of China in California for the APEC Summit on Wednesday. Xi told Biden that their countries were very different but should be “fully capable of rising above differences.”,2,UGC,1,Global Politics,UGC,,336,1,1,roberta-base
20432.0,An E! News report said USAID paid millions of dollars to sponsor American celebrity visits to Ukraine.,3,NGC,0,,NGC,Ukraine/Russia,1423,0,1,roberta-base
10115.0,A CA bill would make 'a refuge state for parents who brainwash and abuse their children by providing them with transgender meds.,1,UGC,0,Sexual/Gender Health,UGC,,115,0,1,roberta-base
20051.0,HPV vaccination rates remain low despite vaccine's proven effectiveness in preventing multiple cancers.,1,NGC,1,,NGC,Vaccines,1042,1,1,roberta-base
20128.0,HEALTH EXCLUSIVE: Hydrochloroquine New Cure for Skin Cancer,1,NGC,0,,NGC,Medicine/Public Health,1119,0,1,roberta-base
10184.0,"The insurrection occurred on Election Day 2020 when Biden and the 2000 mules committed election fraud, and January 6th was the protest!!",2,UGC,0,Jan 6th,UGC,,184,0,1,roberta-base
10106.0,Puberty blockers are not temporary! They change children's bodies forever and they should be PERMANENTLY ban.,1,UGC,0,Sexual/Gender Health,UGC,,106,0,1,roberta-base
20324.0,EU Conservatives vote with far right to approve cuts to green rules.,2,NGC,1,,NGC,Global Politics,1315,1,1,roberta-base
20239.0,"Because of omicron, the Biden administration has decided to leave the U.S. southern border completely open.",2,NGC,0,,NGC,Immigration,1230,0,1,roberta-base
20291.0,Trump asked Comey to end investigation of Michael Flynn probe: report,2,NGC,1,,NGC,Political Figures,1282,1,1,roberta-base
20373.0,NEW: King of Denmark waves Palestinian flag from the balcony in support of Palestine.,3,NGC,0,,NGC,Palestine/Isreal,1364,0,1,roberta-base
10071.0,"In Joe Biden’s America, your children are more likely to have access to a crack pipe than a mask-free education.",1,UGC,0,Medicine/Public Health,UGC,,71,0,1,roberta-base
20384.0,CNN reporter fakes being near the Israel-Gaza border.,3,NGC,0,,NGC,Palestine/Isreal,1375,0,1,roberta-base
20219.0,Trump administration implements 'Remain in Mexico' policy requiring asylum seekers to wait across border,2,NGC,1,,NGC,Immigration,1210,1,1,roberta-base
10109.0,Boston Children's Hospital promotes the use of Lupron as puberty blockers for transgender kids. Lupron is used to castrate sex offenders and has been linked to thousands of deaths. It' also not FDA approved for use as a puberty blocker for kids with gender dysphoria.,1,UGC,0,Sexual/Gender Health,UGC,,109,0,1,roberta-base
10045.0,"EVERY Democrat Presidential candidate supported OPEN borders. Because of fentanyl, we have 100,000 dead Americans every year. Democrats have blood on their hands.",1,UGC,0,Drug Crisis,UGC,,45,0,1,roberta-base
20045.0,Consistent evidence supports that COVID-19 vaccination received before SARS-CoV-2 infection reduces the risk of experiencing long COVID,1,NGC,1,,NGC,Vaccines,1036,1,1,roberta-base
20466.0,Former Iranian Deputy FM Mohammad-Javad Larijani Threatens: A Drone Can Hit Trump in the Bellybutton While He Is Sunbathing at Mar-a-Lago; Macron Could Be Hit While Partying at a Discotheque,3,NGC,1,,NGC,Iran,1457,0,0,roberta-base
10390.0,"Ben Gvir wants to create a citizen army, more than 300k firearms have been given in a few months. What could go wrong.",3,UGC,0,Palestine/Isreal,UGC,,390,0,1,roberta-base
20019.0,Fox News wins Pulitzer for coronavirus coverage.,1,NGC,0,,NGC,Covid,1010,0,1,roberta-base
20457.0,Putin Destroys Adrenochrome Lab in Ukraine,3,NGC,0,,NGC,Ukraine/Russia,1448,0,1,roberta-base
20449.0,"Putin Executes American, British Mercenaries working for Zelenskyy",3,NGC,0,,NGC,Ukraine/Russia,1440,0,1,roberta-base
10279.0,A fake Nancy Pelosi said she won’t seek the speaker position again because the real Pelosi was arrested in 2021.,2,UGC,0,Political Figures,UGC,,279,0,1,roberta-base
20094.0,DEA: Even small amount of fentanyl on skin can cause death,1,NGC,0,,NGC,Drug Crisis,1085,1,0,roberta-base
10435.0,"Ukraine is the Deep State hub! They are one of the biggest countries in the world for drug trafficking, human trafficking and money laundering! Putin is trying to take out deep state corruption!",3,UGC,0,Ukraine/Russia,UGC,,435,0,1,roberta-base
20469.0,Putin orders Russian emergency planes to Iran after blast at port of Bandar Abbas,3,NGC,1,,NGC,Iran,1460,1,1,roberta-base
20055.0,"Second Pfizer Jab Taken Three Weeks After First Increases Myocarditis, Pericarditis Risk Tenfold https://link.theepochtimes.com/mkt_app/second-pfizer-jab-taken-three-weeks-after-first-increases-myocarditis-pericarditis-risk-tenfold_4553134.html",1,NGC,0,,NGC,Vaccines,1046,0,1,roberta-base
10164.0,"We have one vaccine that can prevent cancer, and most eligible adults in the US still haven’t received it. The HPV vaccine is approved for everyone aged 9-45. Earlier is better. But if you already have one strain of HPV, it can still protect against others. ",1,UGC,1,Vaccines,UGC,,164,1,1,roberta-base
10029.0,"But while #flu is sickening more people, #Covid continues to make more people sicker. Statistics show, more people are being hospitalized for Covid & while Covid death rates are a fraction of what they were 2-3 years ago, Covid still kills a lot more people than flu.",1,UGC,1,Covid,UGC,,29,1,1,roberta-base
10041.0,And CHYNA is the major source of fentanyl coming in through the southern border.  Another scandal of  epic proportions that is raging.  The deep state doesn‚Äôt want this stopped.  <emoji: face_with_symbols_on_mouth>,1,UGC,0,Drug Crisis,UGC,,41,0,1,roberta-base
10182.0,PELOSI WAS BEHIND THE FBI INFILTRATING JAN 6TH TO STIR UP TROUBLE..SHOW US THE HOURS OF TAPE....AND THEN RELEASE THOSE YOU LOCKED UP AND LETS THROW YOU IN PRISON FOR TREASON<emoji: rage><emoji: fire><emoji: fire>,2,UGC,0,Jan 6th,UGC,,182,0,1,roberta-base
20206.0,"Vice President Harris Claims Immigration Flow Cut by over half, as of 2024 report.  ",2,NGC,1,,NGC,Immigration,1197,0,0,roberta-base
20014.0,Research illustrates a clear correlation between vitamin D deficiencies and (higher) COVID-19 mortality rates.,1,NGC,1,,NGC,Covid,1005,1,1,roberta-base
20327.0,FORMER MEXICAN PREZ Sends “Middle Finger” To TRUMP Days Before “Apology”: “Don’t play around with us…We can jump walls…We can swim rivers…And we can defend ourselves”,2,NGC,0,,NGC,Global Politics,1318,0,1,roberta-base
20406.0,U.S. sanctions Russia's two largest oil companies,3,NGC,1,,NGC,Ukraine/Russia,1397,1,1,roberta-base
20242.0,Wisconsin makes it more difficult for its citizens to vote than almost any state in the nation.,2,NGC,1,,NGC,Elections,1233,1,1,roberta-base
10062.0,"Amid record overdoses in 2023 West Virginia, lawmakers ignore calls to expand access to treatment. Instead, they look towards more punishment. We have had a number of past patients die because they are not  getting the care that they need",1,UGC,1,Drug Crisis,UGC,,62,1,1,roberta-base
10088.0,"Ivermectin was only effective against Covid in areas where parasitic diseases were endemic, which explains why the drug falsely showed up as being effective in clinical trials",1,UGC,1,Medicine/Public Health,UGC,,88,1,1,roberta-base
10168.0,"Six students have measles in an outbreak at a Florida elementary school. How did Florida's health department respond?
Their Surgeon General sent out a letter that supports parents sending unvaccinated children to school during the outbreak and doesn't recommend vaccination.",1,UGC,1,Vaccines,UGC,,168,1,1,roberta-base
20322.0,U.S. warns of response to ‘witch hunt’ after Brazil’s Bolsonaro sentenced to 27 years,2,NGC,1,,NGC,Global Politics,1313,1,1,roberta-base
20153.0,"About 21.5 million women and girls of reproductive age live in states that ban abortions completely, or after six weeks of pregnancy, Census data shows.",1,NGC,1,,NGC,Sexual/Gender Health,1144,1,1,roberta-base
10440.0,"The bio-weapons labs in Ukraine were preparing another bio-weapon  targeting the Slavic people (Russians, Ukrainian). The whole world would be affected.",3,UGC,0,Ukraine/Russia,UGC,,440,0,1,roberta-base
10132.0,"The thing is, we've all watched as republications have also opposed the availability of contraceptives and HPV vaccine that protects against cervical cancer any time they've had the opportunity",1,UGC,1,Sexual/Gender Health,UGC,,132,1,1,roberta-base
20366.0,U.S. vetoes U.N. Security Council resolution demanding immediate Gaza ceasefire and hostage release,3,NGC,1,,NGC,Palestine/Isreal,1357,1,1,roberta-base
20191.0,"NEW: Former President Joe Biden Pardons Michael Byrd, Jan. 6th insurrectionist",2,NGC,0,,NGC,Jan 6th,1182,0,1,roberta-base
20049.0,UK Health Security Agency data: COVID-19 vaccine effectiveness against hospitalization remains above 75% for adults 65+ who received updated booster.,1,NGC,1,,NGC,Vaccines,1040,1,1,roberta-base
20471.0,"Iran must 'walk away' from all uranium enrichment, Marco Rubio says",3,NGC,1,,NGC,Iran,1462,1,1,roberta-base
10214.0,"The Biden Admin is hoarding baby formula for immigrants, america second.",2,UGC,0,Immigration,UGC,,214,0,1,roberta-base
20286.0,"Hunter Biden pleads guilty to federal tax charges, in surprise move on brink of trial",2,NGC,1,,NGC,Political Figures,1277,1,1,roberta-base
10061.0,"Oregon voted in 2020 to decriminalize the possession of small amounts of hard drugs including fentanyl, heroin and methamphetamine. Lawmakers are about to reverse course.",1,UGC,1,Drug Crisis,UGC,,61,1,1,roberta-base
20494.0,Trump's confession on Iran war proves Israel is merely a US military outpost in West Asia,3,NGC,0,,NGC,Iran,1485,1,0,roberta-base
10181.0,PELOSI AND THE FBI SHOULD BE IN PRISON FOR TREASON AND THE JAN 6 th SET FREE!!<emoji: rage><emoji: fire><emoji: fire>,2,UGC,0,Jan 6th,UGC,,181,0,1,roberta-base
10009.0,WOW. A new study shows that Ivermectin Lowers COVID Death Rate by 92% ,1,UGC,0,Covid,UGC,,9,1,0,roberta-base
10240.0,"You can literally see CNN bending over backwards to avoid saying ""fascism"" when they describe Trump's speech as using ""language condemned for its ties to White supremacist rhetoric"" FFS, Trump literally said VERBATIM that immigrants are “poisoning the blood of our country.” That's the center square on the Fascist bingo card",2,UGC,1,Immigration,UGC,,240,1,1,roberta-base
20332.0,Germany Admits Trump Was Right on Borders After Taking in One Million Syrian Refugees,2,NGC,0,,NGC,Global Politics,1323,0,1,roberta-base
20478.0,"Even after U.S. and Israeli strikes, Iran may still be able to build a nuclear weapon with hundreds of pounds of Iran's enriched uranium are still publicly unaccounted for.",3,NGC,1,,NGC,Iran,1469,1,1,roberta-base
10346.0,"Bibi is actively holding up food for over a million Palestinians and causing actual starvation, how is this man not being hunted like Hitler",3,UGC,1,Palestine/Isreal,UGC,,346,0,0,roberta-base
10192.0,"Over 100 officers were assaulted during the Jan 6th protest at the Capitol. This was not a peaceful protest, it was violent and traumatic.",2,UGC,1,Jan 6th,UGC,,192,1,1,roberta-base
20130.0,Miracle: Pfizer Announces They Just So Happened To Finish Monkeypox Vaccine,1,NGC,0,,NGC,Medicine/Public Health,1121,0,1,roberta-base
10387.0,Netanyahu and his Right Wing government ALLOWED the attacks to happen to shut up his critics & unify,3,UGC,0,Palestine/Isreal,UGC,,387,0,1,roberta-base
20312.0,"Breaking News: Prime Minister Élisabeth Borne of France resigned ahead of a widely expected cabinet reshuffle by President Emmanuel Macron. She will continue to handle “current affairs” until a new cabinet is appointed, Macron's office said.",2,NGC,1,,NGC,Global Politics,1303,1,1,roberta-base
20129.0,New Study Links Cancer To Daily Microwave Usage,1,NGC,0,,NGC,Medicine/Public Health,1120,0,1,roberta-base
20162.0,Study: 1 in 10 women experience a serious health even when using mifepristone to end a pregnancy,1,NGC,0,,NGC,Sexual/Gender Health,1153,1,0,roberta-base
10134.0,WIN! Florida's Parental Rights in Education law took effect Friday which forbids instruction on sexual orientation and gender identity in kindergarten through third grade.  ,1,UGC,1,Sexual/Gender Health,UGC,,134,1,1,roberta-base
20453.0,"Biden-Funded Ukrainian Military Tortures, Kills, and EATS Innocent Russian Civilians",3,NGC,0,,NGC,Ukraine/Russia,1444,0,1,roberta-base
20062.0,Dr. Anthony Fauci says: “as soon as a COVID-19 vaccine is manufactured it must be delivered to healthcare professionals for immediate human injection. Proper studies can be done later.”,1,NGC,0,,NGC,Vaccines,1053,1,0,roberta-base
20168.0,"Planned Parenthood selling “viable nonanomalous” fetuses to University of California, San Diego for experimentation",1,NGC,0,,NGC,Sexual/Gender Health,1159,0,1,roberta-base
10282.0,"Joe Biden is a corrupt, senile pedophile. Nancy Pelosi is nasty wrinkled rag. Chuck Schumer has a lazy eye. Hillary will never get to be president because God hates her. Obama only got elected because he's black. And anyone who still identifies as a democrat after all the shit they've pulled since 2016 is either so dumb they shouldn't be allowed outside without a caretaker restraining them on a leash or so evil it's our moral duty to rid the world of them.",2,UGC,0,Political Figures,UGC,,282,0,1,roberta-base
10498.0,"McCain wanted to bomb Iran before it was cool. Looking back now I think maybe we should've crippled their nuclear program and established deterrence a lot sooner, like maybe 20 years ago. Iran was arming and financing jihadists who were killing Americans in Iraq, could've been justified.",3,UGC,1,Iran,UGC,,498,1,1,roberta-base
20101.0,"REPORT: In 2023, more than 105,000  teens died in U.S from fentanyl. ",1,NGC,0,,NGC,Drug Crisis,1092,0,1,roberta-base
10272.0,Pennsylvania's Republican legislative leaders said they found no evidence of widespread fraud. these are people who WANTED Trump to win and they still couldn't find proof because it doesn't exist,2,UGC,1,Elections,UGC,,272,1,1,roberta-base
20438.0,Putin destroys adrenochrome lab in Ukraine.,3,NGC,0,,NGC,Ukraine/Russia,1429,0,1,roberta-base
20212.0,"TRUMP: In 2017, Illegal Immeigration on the U.S.-Mexico border is ""the lowest in 17 years.""",2,NGC,1,,NGC,Immigration,1203,1,1,roberta-base
10144.0,We are seeing historic drops in birth rates over the past year   We are also seeing new studies confirm that Covid vaccines reduce sperm counts and cause menstrual issues in almost half of women that take them   I'm sure there's no connection here,1,UGC,0,Vaccines,UGC,,144,1,0,roberta-base
10484.0,REMEMBER HOW WE GOT HERE: HILLARY CLINTON SUPPLIED IRAN WITH URANIUM TO ENRICH THEIR NUCLEAR PROGRAM.,3,UGC,0,Iran,UGC,,484,0,1,roberta-base
10167.0,"If your measles vaccine was before 1990, its recommended to get your titers checked. Mine were all gone and I started over like a baby.",1,UGC,1,Vaccines,UGC,,167,1,1,roberta-base
20010.0,New findings suggest Black people four times as likely to test positive for COVID-19,1,NGC,1,,NGC,Covid,1001,1,1,roberta-base
10213.0,FEMA IS BEING REDIRECTED TO ILLEGALS.,2,UGC,0,Immigration,UGC,,213,0,1,roberta-base
20198.0,"NEW: Donald Trump authorized up to 20,000 National Guard troops to protect the Capitol"" before Jan. 6, 2021, but was ""rejected"" by Nancy Pelosi and Chuck Schumer.",2,NGC,0,,NGC,Jan 6th,1189,1,0,roberta-base
10448.0,Vladimir Putin might be a bad person but he does not like the New World Order. He is targetting the biolabs to stop the Deep State from developing another weapon to control the masses. This is why I support what he is doing in Ukraine. He is not Deep State or NWO. The company Zelenski keeps is everything I oppose<emoji: bangbang>,3,UGC,0,Ukraine/Russia,UGC,,448,0,1,roberta-base
20127.0,CDC Silently Adds  Ivermectin As Essenitial Drug For Viruses,1,NGC,0,,NGC,Medicine/Public Health,1118,0,1,roberta-base
20395.0,Haaretz investigation reveals discrepancies in Israel’s reporting on October 7th death toll.,3,NGC,0,,NGC,Palestine/Isreal,1386,0,1,roberta-base
20508.0,"President Joe Biden “will address the nation from the Oval Office” on April 13, “following Iran’s attack on Israel.”",3,NGC,0,,NGC,Iran,1499,0,1,roberta-base
20459.0,Obama will start Iran war for vote': Trump's 2011 post resurfaces on internet.,3,NGC,1,,NGC,Iran,1450,1,1,roberta-base
20431.0,The Pentagon admits to accidentally sending $6.2 billion to Ukraine.”,3,NGC,0,,NGC,Ukraine/Russia,1422,0,1,roberta-base
10149.0,"Australia's brutal mandated COVID-19 vaccine program a complete failure.  Of deaths in NSW this week, 97/98 (99%) where among the fully vaccinated.  Vaccination increased the risk for hospitalization and ICU transfer.  We do not need specialized statistics to understand the COVID-19 vaccines (mRNA, adenoviral, and antigen based) have failed at stopping transmission, occurrence, hospitalization or death.  A complete bust for the mandated products that have ruined so many lives.",1,UGC,0,Vaccines,UGC,,149,1,0,roberta-base
20211.0,Rep. Paul Gosar asks Capitol Police to arrest illegal immigrants attending State of the Union ,2,NGC,1,,NGC,Immigration,1202,1,1,roberta-base
10039.0,"Drug Overdoses Spike in Colorado After Legalization of Fentanyl, Other Drugs  https://amgreatness.com/2022/02/23/drug-overdoses-spike-in-colorado-after-legalization-of-fentanyl-other-drugs/",1,UGC,0,Drug Crisis,UGC,,39,0,1,roberta-base
10052.0,"Americas Decline brought to you by the Dem party and Biden. Fentanyl deaths at 107,000 age 18 to 45 higher than car accidents and murders combined.We are in rapid decline and DC does not care . ",1,UGC,1,Drug Crisis,UGC,,52,0,0,roberta-base
20282.0,JD Vance wrote the foreword for Project 2025’s Kevin Roberts’ upcoming book,2,NGC,1,,NGC,Political Figures,1273,1,1,roberta-base
20359.0,Secretary of State Marco Rubio says ongoing Gaza peace negotiations are 'not yet' the end of the war,3,NGC,1,,NGC,Palestine/Isreal,1350,1,1,roberta-base
20388.0,Benjamin Netanyahu delivers speech to Hamas leaders — thanks them for uniting Israel.,3,NGC,0,,NGC,Palestine/Isreal,1379,0,1,roberta-base
20192.0,"Trump: Jan. 6th speech drew 'the same number of people' as the 1963 March wehre Martin Luther King Jr. delivered ""I Have a Dream"" speech. ",2,NGC,0,,NGC,Jan 6th,1183,1,0,roberta-base
10236.0,DEMS ARE DESTROYING AMERICAN WITH A FOREIGN BORN POP HITTING 47M IN THE US IN 2022! As of April 2022 this is the largest number ever recorded in any U.S. government survey The foreign born/illegal aliens increased by 2 million with Biden in office (1.35 million are Illegals) which is twice as fast as the NATURAL BORN population growth  https://cis.org/Report/ForeignBorn-Population-Hit-Record-47-Million-April-2022%29 #MT22 #UMTOO #MAGA #AndBeOnd,2,UGC,1,Immigration,UGC,,236,1,1,distilbert-base-uncased
10087.0,Gastrointestinal medicine practitioners have noticed something strange in recent years: More young people are being diagnosed with colorectal cancer. Nurse practitioner Jennifer Fijor joins us to talk about the warning signs.,1,UGC,1,Medicine/Public Health,UGC,,87,1,1,distilbert-base-uncased
10341.0,Trump called Viktor Orban the presidant of Turkey… this is the guy who MAGA trust to lead foreign affairs?,2,UGC,1,Global Politics,UGC,,341,1,1,distilbert-base-uncased
20463.0,"U.N. says Iran executed over 900 people in 2024, including dozens of women",3,NGC,1,,NGC,Iran,1454,1,1,distilbert-base-uncased
10083.0,"Billions in Big Pharma profits, and they couldn’t admit a cheap farm drug works better than all their antivirals. #DoYourResearch #Ivermectin",1,UGC,0,Medicine/Public Health,UGC,,83,0,1,distilbert-base-uncased
10206.0,Immigration policy is getting so bad that #Biden is using resources for our veterans and giving them to illegal alliens.,2,UGC,0,Immigration,UGC,,206,0,1,distilbert-base-uncased
10046.0,Teen Opioid Deaths Have Surge 350% in 2023 Thanks To Rise Of Fentanyl and Open Borders.,1,UGC,0,Drug Crisis,UGC,,46,1,0,distilbert-base-uncased
20201.0,NEW: Trump signs Insurrection Act - General Flynn to be appointed vice president. ,2,NGC,0,,NGC,Jan 6th,1192,0,1,distilbert-base-uncased
10125.0,"According to the FDA, there are side effects for children taking puberty blockers, these include brain swlling and blindness. We can't act like taking medications like this is entirely safe. ",1,UGC,1,Sexual/Gender Health,UGC,,125,1,1,distilbert-base-uncased
10379.0,"The aid from air drops is not only wholly insufficient, but now it’s killed like 10 people.

Biden could force Israel to allow the thousands of trucks at the border in by threatening to cut off weapons shipments. He hasn’t.",3,UGC,0,Palestine/Isreal,UGC,,379,1,0,distilbert-base-uncased
10223.0,White house to give cell phones to illegal aliens. Unbelievable.,2,UGC,0,Immigration,UGC,,223,0,1,distilbert-base-uncased
20004.0,"High Blood Pressure Meds Don't Increase COVID-19 Risks, Study Finds",1,NGC,1,,NGC,Covid,995,1,1,distilbert-base-uncased
20329.0,SWEDEN IS ON BRINK OF COLLAPSE… Gun Purchases Are Way Up…Pepper Spray Selling Out…Muslims Beating Non-Muslims On Streets,2,NGC,0,,NGC,Global Politics,1320,1,0,distilbert-base-uncased
10343.0,It’s not just the settlers—it’s the Israeli government! It’s Netanyahu. Netanyahu tried to sink Obama and elect Trump. His AIPAC allies fund neofascist Republicans. His ministers want genocide. One minister is a former terrorist. Why don’t all educated Americans know this already? Media failure.,2,UGC,1,Global Politics,UGC,,343,0,0,distilbert-base-uncased
10086.0,"Rates of colorectal cancer have been rising in young people over the past decade. In today's episode, we explore what might be behind this alarming trend and how a camera strapped to a two-year-old helps AI to learn language.",1,UGC,1,Medicine/Public Health,UGC,,86,1,1,distilbert-base-uncased
10264.0,"A bill to bring same-day voter registration to New Jersey has existed for soooo long, and hasn't passed in the Dem legislature, and here's the latest effort to revive it:

newjerseymonitor.com/2023/11/22/n…",2,UGC,1,Elections,UGC,,264,1,1,distilbert-base-uncased
20273.0,Democrats Reveal BIG CLUE in the BIG STEAL: Operatives Manufactured Votes from Low Income Voters to Steal the Battleground States — Start the Canvassing!,2,NGC,0,,NGC,Elections,1264,0,1,distilbert-base-uncased
20412.0,‘Absolutely unacceptable’: Zelenskyy condemns corruption in energy sector targeted by Russia,3,NGC,1,,NGC,Ukraine/Russia,1403,0,0,distilbert-base-uncased
20187.0,"I did my duty' Mike Pence gets courage award for certifying election on Jan. 6th, 2021.",2,NGC,1,,NGC,Jan 6th,1178,0,0,distilbert-base-uncased
10419.0,"Oh, this is a big deal: Statement today from Ukraine's SBU. It's charging former Ukrainian lawmaker Derkach and former Ukrainian prosecutor Kulyk with treason against Ukraine.",3,UGC,1,Ukraine/Russia,UGC,,419,1,1,distilbert-base-uncased
20039.0,WHO warns of declining global vaccination rates: Coverage dropped from 86% to 81% in past year. Urges renewed focus on equity.,1,NGC,1,,NGC,Vaccines,1030,1,1,distilbert-base-uncased
20447.0,Putin bombs Biden-owned villa in Ukraine while hammering biolabs & pedophile rings.,3,NGC,0,,NGC,Ukraine/Russia,1438,0,1,distilbert-base-uncased
20300.0,Hillary Clinton has third heart attack — docs says she 'won't survive'.,2,NGC,0,,NGC,Political Figures,1291,0,1,distilbert-base-uncased
20064.0,NEW STUDY: mRNA vaccine reduces sperm rate for up to five months,1,NGC,0,,NGC,Vaccines,1055,0,1,distilbert-base-uncased
20220.0,REPORT: CBP reports record 2.76 million border encounters in fiscal year 2022,2,NGC,1,,NGC,Immigration,1211,1,1,distilbert-base-uncased
10468.0,"US planes in fire after #Iran's missile attack: Source http://bit.ly/39P6gnq #IranvsUSA #Solemani #IranAttacks #AinAssad.""",3,UGC,0,Iran,UGC,,468,0,1,distilbert-base-uncased
20396.0,McDonald’s changes its food wrappers to support Israel amid the war.,3,NGC,0,,NGC,Palestine/Isreal,1387,0,1,distilbert-base-uncased
10375.0,"According to an Israeli study, the proportion of civilian deaths in Gaza by the IDF is the highest of any conflict in the 20th century. So congrats to all the sick fucks who have been either downplaying or gaslighting or outright funding this. ",3,UGC,0,Palestine/Isreal,UGC,,375,1,0,distilbert-base-uncased
10353.0,"ICJ finds Israel has a case to answer for genocide in Gaza. Yes Bibi is now a full blown war and genocide criminal, lock him up",3,UGC,1,Palestine/Isreal,UGC,,353,0,0,distilbert-base-uncased
10410.0,Fuck. Ukraine ordered the complete withdrawal from Avdiivka. Giving up a stronghold to Russia.,3,UGC,1,Ukraine/Russia,UGC,,410,1,1,distilbert-base-uncased
10033.0,"Emily Oster told parents kids faced little risk from COVID. Not only has the disease been a leading cause of death, but an estimated 5.8 million kids suffer long COVID. Oster said schools wouldn’t be hotbeds of COVID transmission. That wasn’t true either. Well, now she has a clothing line.",1,UGC,1,Covid,UGC,,33,1,1,distilbert-base-uncased
10119.0,Simply affirming a teenager's gender is akin to affirming anorexia. Both are body dysmorphic disorders. Yet we don't teach a starving teenager how to binge and purge; or affirm that they are indeed overweight.,1,UGC,0,Sexual/Gender Health,UGC,,119,1,0,distilbert-base-uncased
20251.0,"Texas Democrat calls mail-in ballot fraud the ""great source of voter fraud in this state.""",2,NGC,1,,NGC,Elections,1242,1,1,distilbert-base-uncased
20207.0,NEWS: Minnesota Gov. Tim Walz signs into law driver's licenses for illegal immigrants,2,NGC,1,,NGC,Immigration,1198,0,0,distilbert-base-uncased
10395.0,Hamas leaders (stealing billions $ in humanitarian aid for years) are hanging with the ladies at the disco in Qatar.    They don't give a shit about their citizens.  What has Hamas ever done to help their citizens?  Bomb shelters? Nope.  Terrorist tunnels? Yup.,3,UGC,0,Palestine/Isreal,UGC,,395,0,1,distilbert-base-uncased
10128.0,"time again to remind everyone that leana wen was forced out of leadership at planned parenthood because she wanted to ""de-politicize"" the org — heeling the political arm, deemphasizing abortion rights and care for trans people to court an imagined broader donor base — during the trump administration",1,UGC,1,Sexual/Gender Health,UGC,,128,1,1,distilbert-base-uncased
20174.0,"Trump watched Jan. 6 U.S. Capitol riot unfold on TV, ignored pleas to call for peace",2,NGC,1,,NGC,Jan 6th,1165,1,1,distilbert-base-uncased
20477.0,"Trump said Iran's nuclear sites were 'obliterated,' but questions remain about enriched uranium",3,NGC,1,,NGC,Iran,1468,1,1,distilbert-base-uncased
20421.0,Ukraine's former parliamentary speaker shot dead,3,NGC,1,,NGC,Ukraine/Russia,1412,1,1,distilbert-base-uncased
20011.0,"Latinx people more vulnerable to COVID-19, US study finds",1,NGC,1,,NGC,Covid,1002,1,1,distilbert-base-uncased
20261.0,A “ballot dump” around 4 a.m. in Milwaukee shows the Wisconsin Senate election was stolen from the Republican candidate.,2,NGC,0,,NGC,Elections,1252,0,1,distilbert-base-uncased
10218.0,President Trump had the illegal alien crisis under control. Biden has been lagging behind and his broder policies have caused a CRSIS IN AMERICA,2,UGC,0,Immigration,UGC,,218,1,0,distilbert-base-uncased
10357.0,"Arab Americans in Michigan are protesting the democrats for their position in the Isreal-Hamas war…I respect the initiatvie but the potential consequences  are a 2nd term for trump, which will def make things worse for Palestinians. ",3,UGC,1,Palestine/Isreal,UGC,,357,1,1,distilbert-base-uncased
20342.0,The United Nations replaces all 193 country flags with LGBT flags.,2,NGC,0,,NGC,Global Politics,1333,1,0,distilbert-base-uncased
20074.0,"The Vietnam War claimed 58,200 American lives in 19 years and six months. In 2016, 64,070 Americans died of an overdose from opioids or heroin -report by Police Executive Research",1,NGC,1,,NGC,Drug Crisis,1065,1,1,distilbert-base-uncased
20442.0,"PRESIDENT VLADIMIR PUTIN RELEASED 35,000 CHILDREN FROM TUNNELS AND SUBWAY IN UKRAINE",3,NGC,0,,NGC,Ukraine/Russia,1433,1,0,distilbert-base-uncased
10292.0,Obama and his administration is still running the country illegally and unelected they are the Deep state so what are we going to Do about it when do they get arrested,2,UGC,0,Political Figures,UGC,,292,1,0,distilbert-base-uncased
10450.0,"Isn't Putin focusing on the bio labs in Ukraine? It's more like a covert operation to target the deep state and stop Biden from developing the next COVID. That is just my opinion, but it's possible and believable. Right?",3,UGC,0,Ukraine/Russia,UGC,,450,0,1,distilbert-base-uncased
10315.0,Pelosi risked WW3 to get her hair done at a salon!,2,UGC,0,Global Politics,UGC,,315,0,1,distilbert-base-uncased
20090.0,New report: Fentanyl leading cause of death among teens and young adults.,1,NGC,0,,NGC,Drug Crisis,1081,0,1,distilbert-base-uncased
10209.0,"Biden transferring funds from FEMA to help  Illegals!!! They shouldn't get Welfare Benefits while we have 47,000 Homeless Veterans. Almost 50k veterans that are homeless and owe Veterans everything, we own Illegals nothing but deportation! <emoji: hugging_face><emoji: us><emoji: pray><emoji: heart>",2,UGC,0,Immigration,UGC,,209,0,1,distilbert-base-uncased
10475.0,Iran has always been the problem. Who gave BILLIONS of USD to Iran?!?! OBAMA! All roads lead to OBAMA,3,UGC,0,Iran,UGC,,475,0,1,distilbert-base-uncased
10510.0,Obama sent $1.7 billion in CASH to Iran and nobody in Washington DC called for an investigation.  Deep State cover-u,3,UGC,1,Iran,UGC,,510,0,0,distilbert-base-uncased
10235.0,"NEW POD: Alex Marlow talks about the horrific story from our border, where national guardsman are dying trying to save drowning illegal aliens.",2,UGC,1,Immigration,UGC,,235,0,0,distilbert-base-uncased
10075.0,The party that declares themselves as the party of science thinks handing out free crack pipes to drug addicts is a wise public health decision. These people are wrong about EVERYTHING!,1,UGC,0,Medicine/Public Health,UGC,,75,0,1,distilbert-base-uncased
20169.0,"ANTIDEPRESSANTS harm the baby in the womb, despite the LIES purported by shilling psychiatrists and chronic sick care media",1,NGC,0,,NGC,Sexual/Gender Health,1160,1,0,distilbert-base-uncased
10344.0,"More than 100 Palestinians have been killed in Israeli strikes on Gaza since the truce with Hamas expired earlier today,",3,UGC,1,Palestine/Isreal,UGC,,344,1,1,distilbert-base-uncased
10337.0,The head of climate talks literally runs an oil company… but yeah im sure these climate talks will be productive,2,UGC,1,Global Politics,UGC,,337,0,0,distilbert-base-uncased
10251.0,The just out movie 2000 Mules shows conclusively that the 2020 Presidential Election was Rigged and Stolen. It is a brilliant movie that will go down as one of the most consequential of all time. SEE IT NOW!,2,UGC,0,Elections,UGC,,251,0,1,distilbert-base-uncased
10366.0,"Israel guided 1.5 million Palestinians into Rafah. They moved the ""safe zone"" further and further south, until Rafah was all that was left. Now they're bombing Rafah, and people have nowhere to go, nowhere to flee. It's genocide.",3,UGC,1,Palestine/Isreal,UGC,,366,1,1,distilbert-base-uncased
10493.0,"Hey, MAGA- you squealed like a bunch of little bitches & lost your shit, when Obama sent Iran $400 million of THEIR own money in the nuclear deal. Now, your demented cult leader is sending a dictator in Argentina $40 BILLION of OUR tax dollars. You little cult bitches sure are quiet about that. Why?",3,UGC,1,Iran,UGC,,493,0,0,distilbert-base-uncased
10254.0,The ground work is being laid for another stolen election in 2022. The PSY-OP has begun.  By law all paper for elections must me made IN the USA by USA materials and by USA manufacturers. Media misinformation campaign underway in order to push for unauditable electronic voting system. #Truth #trumptruths  #g99 #umtoo #tnt #V25 #D47 #p4e #ratpack #maga #trumptrains #mt22 #2000mules  ************** https://www.businessinsider.com/paper-shortages-high-costs-threaten-voting-in-the-2022-elections-2022-3,2,UGC,0,Elections,UGC,,254,0,1,distilbert-base-uncased
20172.0,"BREAKING: The Supreme Court restores Donald Trump on Colorado's primary ballot, saying the state can't disqualify him over his actions on Jan. 6, 2021.",2,NGC,1,,NGC,Jan 6th,1163,1,1,distilbert-base-uncased
10289.0,Barack Obama is running your country he‚Äôs your deep state,2,UGC,0,Political Figures,UGC,,289,0,1,distilbert-base-uncased
20189.0,Trump once called Jan. 6th a 'heinous attack.' Now he calls it a 'day of love.',2,NGC,1,,NGC,Jan 6th,1180,1,1,distilbert-base-uncased
10296.0,I keep thinking about how MAGA holds on to even the most baseless conspiracies. Like the GOP has been trying to expose Obama as being Kenyan for years. Obama has provided mountains of evidence proving the he is american.,2,UGC,1,Political Figures,UGC,,296,1,1,distilbert-base-uncased
10085.0,"Vegetable oils, such as corn oil, soybean oil and canola oil, have been linked to heart disease,gastrointestinal disease, inflammatory conditions, cancer and other chronic diseases.Replacing them with healthy fats is one of the simplest ways to boost your health. Link in bio for a list of your healthiest options. https://bit.ly/39boUKm",1,UGC,1,Medicine/Public Health,UGC,,85,1,1,distilbert-base-uncased
20133.0,Baryta Carb slwos progression of childlike regression in Alzheimer's patients.,1,NGC,0,,NGC,Medicine/Public Health,1124,0,1,distilbert-base-uncased
10163.0,"Virginia requires polio vaccines? Damn,  I didn't think that one was in regular distribution at this point",1,UGC,1,Vaccines,UGC,,163,1,1,distilbert-base-uncased
10137.0,"This is exactly the approach that opponents of gender affirming care say they want? But Finland research claims their poor results cast doubt on the good outcomes in the US, while completely obscuring what their actual procedures are or how many youth, if any, access hormones or puberty blockers.",1,UGC,1,Sexual/Gender Health,UGC,,137,1,1,distilbert-base-uncased
20441.0,Biden threatens to assassinate Ukraine president.,3,NGC,0,,NGC,Ukraine/Russia,1432,0,1,distilbert-base-uncased
20299.0,Hillary Clinton leaves country as Mueller indictment is announceed,2,NGC,0,,NGC,Political Figures,1290,0,1,distilbert-base-uncased
10293.0,Hillary Clinton approved dissemination of Trump-Russian bank allegations to media,2,UGC,1,Political Figures,UGC,,293,1,1,distilbert-base-uncased
10069.0,Trump tried to warn us he pushed HCQ / ivermectin both banned but HCQ could very wrong turn out to be a wonder drug a cure for cancer possibly no more chemotherapy could it be Big Pharma had it all along my brother in law works with Cancer patients to help them get their meds because they are so darned expensive just shows you how Powerful Greedy and Evil these people are the Pandemic says it all,1,UGC,0,Medicine/Public Health,UGC,,69,1,0,distilbert-base-uncased
10469.0,Iran was WEEKS away from nuclear weapons. We dodged a bullet. ,3,UGC,0,Iran,UGC,,469,0,1,distilbert-base-uncased
10064.0,"Friendly reminder that there is no evidence that jail solves  a drug crisis! But there is data linking  education, treatment and housing and lower drug abuse rates. ",1,UGC,1,Drug Crisis,UGC,,64,1,1,distilbert-base-uncased
10334.0,"EU leaders are meeting in Brussels for their quarterly summit with a goal of securing financial and political support for Ukraine. But Prime Minister Viktor Orban of Hungary, who is seen as Vladimir Putin's closest ally, has suggested he will block both.",2,UGC,1,Global Politics,UGC,,334,1,1,distilbert-base-uncased
20078.0,British Columbia to recriminalize use of drugs in public spaces,1,NGC,1,,NGC,Drug Crisis,1069,1,1,distilbert-base-uncased
20308.0,Minnesota Gov. Tim Walz had his stomach pumped after overingesting horse semen.,2,NGC,0,,NGC,Political Figures,1299,1,0,distilbert-base-uncased
10040.0,It only take a minimal amount on the  skin to kill a person.  Who is to say they are not transporting the fentanyl to our government.  They could take drones and drop the powder into large crowds and people would just fall over dead from overdose. Perhaps it is not about drug use and addiction at all.  Perhaps it is just another plan for population control.  I just think ahead of these evil people and all of the ways they plan to kill us.  Don‚Äôt believe it can‚Äôt happen.,1,UGC,0,Drug Crisis,UGC,,40,0,1,distilbert-base-uncased
20369.0,IDF launches Gaza City ground offensive; U.N. report finds Israel is committing genocide,3,NGC,1,,NGC,Palestine/Isreal,1360,1,1,distilbert-base-uncased
10037.0,Fentanyl is being smuggled across the southern border at historic rates and it's the leading cause of death for Americans aged between 18-45.   A standard fatal overdose of it is 2 milligrams.   Biden must secure our borders and save American lives.,1,UGC,0,Drug Crisis,UGC,,37,0,1,distilbert-base-uncased
20056.0,STUDY: Pfizer's COVID-19 Vaccine DOES Lower Men's Sperm Count. ,1,NGC,0,,NGC,Vaccines,1047,0,1,distilbert-base-uncased
20397.0,North Korean President Kim Jong Un blames President Joe Biden for the Israel-Hamas war,3,NGC,0,,NGC,Palestine/Isreal,1388,0,1,distilbert-base-uncased
20006.0,"For some cases of long Covid, a new study suggests serotonin reduction is triggered by remnants of the coronavirus lingering in the gut. Depleted serotonin could especially explain memory problems and some neurological and cognitive symptoms, experts say.",1,NGC,1,,NGC,Covid,997,1,1,distilbert-base-uncased
20231.0,Mexico's Next President Calls for An Invasion Of The US,2,NGC,0,,NGC,Immigration,1222,1,0,distilbert-base-uncased
20138.0,"Last November, the NYT printed a very long story raising fears that puberty blockers could have lifelong impacts on bone health. A year and 20 gender-affirming care bans later, research finds these concerns were largely unfounded.",1,NGC,1,,NGC,Sexual/Gender Health,1129,1,1,distilbert-base-uncased
20303.0,SHOCKING: Justin Trudeau’s plane found filled with cocaine as he lands in India for the G20 summit.,2,NGC,0,,NGC,Political Figures,1294,0,1,distilbert-base-uncased
10151.0,THESE VACCINES DID DAMAGE TO PEOPLES  IMMUNE SYSTEMS THAT THEY WILL NOT ACT RIGHT WHEN UNDER ATTACK..WILL THE COMING FLU SEASON REVEAL THERE IS A BIG PROBLE!!,1,UGC,0,Vaccines,UGC,,151,0,1,distilbert-base-uncased
10113.0,Democrats in Delaware is trying to pass a bill that would allow children to get puberty blockers and abortions without their parents.,1,UGC,0,Sexual/Gender Health,UGC,,113,1,0,distilbert-base-uncased
10389.0,80% of Israelis think Netanyahu should resign.,3,UGC,0,Palestine/Isreal,UGC,,389,1,0,distilbert-base-uncased
20482.0,"Britain, France and Germany say Iran has failed to abide by a 2015 deal over its nuclear program, according to Reuters.",3,NGC,1,,NGC,Iran,1473,1,1,distilbert-base-uncased
20018.0,Claim that Dr. Anthony Fauci's statement that the coronavirus death rate is 10 times that of the seasonal flu is a claim without any scientific basis.,1,NGC,0,,NGC,Covid,1009,1,0,distilbert-base-uncased
10382.0,Israeli gov spokesperson says they deliberately targeted WHO (World Health Organization) workers because they are KHAMAS,3,UGC,0,Palestine/Isreal,UGC,,382,1,0,distilbert-base-uncased
20139.0,"Scoop: Republicans are quietly delaying more than $1 billion in planned funding for a life-saving HIV program — demanding changes to terms like abortion, sexual reproductive health, even ""human rights"" in the program’s documents.",1,NGC,1,,NGC,Sexual/Gender Health,1130,1,1,distilbert-base-uncased
20234.0,Update: Van full of illegals caught voting at multiple Alabama polling locations. ,2,NGC,0,,NGC,Immigration,1225,0,1,distilbert-base-uncased
10176.0,PELOSI'S IDEA OF DOING THE PEOPLES BUSINESS WAS ROBBING THEM BLIND TO ENRICH HERSELF.FOR THE PART SHE PLAYED WITH SHUMMER AND THE FBI ON JAN 6th SHOULD BE HUNG FOR TREASON <emoji: rage><emoji: fire><emoji: fire>,2,UGC,0,Jan 6th,UGC,,176,0,1,distilbert-base-uncased
10354.0,"Joe Biden is pushing  a post-Hamas future for Gaza, in the direction of a Palestinian state, and is tussling with Bibi about it. Meanwhile some Americans are angry with Biden for not supporting an immediate ceasefire that would keep Hamas in power,  leading  to more war.  SMH.",3,UGC,1,Palestine/Isreal,UGC,,354,1,1,distilbert-base-uncased
10445.0,Pelosi is going to Kyiv to finalize her and Paul's final money laundering scheme to stop the red tsunami from taking back america.,3,UGC,0,Ukraine/Russia,UGC,,445,0,1,distilbert-base-uncased
20293.0,NEWS JUST IN: Barack and Michel Obama 'Locked in Bombshell Divorce of the Century' —And How It Is Set to Cost Power Couple a $70Million Fortune,2,NGC,0,,NGC,Political Figures,1284,0,1,distilbert-base-uncased
20044.0,"COVID mRNA vaccines do NOT cause cancer or make cancer return. No scientific evidence suggests ANY vaccine causes cancer. In fact, some vaccines (like HPV & Hepatitis B) help prevent cancer.",1,NGC,1,,NGC,Vaccines,1035,1,1,distilbert-base-uncased
10070.0,"While it may not cure Covid, the anti-malaria drug hydroxychloroquine could help treat cancer, a new study suggests. https://www.dailymail.co.uk/health/article-10610683/Could-Donald-Trumps-favourite-Covid-pill-beat-cancer.html",1,UGC,0,Medicine/Public Health,UGC,,70,0,1,distilbert-base-uncased
20223.0,BREAKING: Court orders Trump administration to fully restore DACA program,2,NGC,1,,NGC,Immigration,1214,0,0,distilbert-base-uncased
10006.0,Domestic oil is the new ivermectin. You can't have it because it would resolve the crisis they need you to go through. IVERMECTIN IS THE CURE FOR COVID.,1,UGC,0,Covid,UGC,,6,0,1,distilbert-base-uncased
20173.0,EXCLUSIVE: Trump has a new plan to save himself in a Jan 6 prosecution ... blame the whole thing on his insurrectionist lawyers https://www.rollingstone.com/politics/politics-features/donald-trump-jan6-jack-smith-rudy-giuliani-john-eastman-1234798826/,2,NGC,1,,NGC,Jan 6th,1164,0,0,distilbert-base-uncased
10317.0,"China huffed‚ and they puffed‚ and they made it look like they're opposed to Nancy Pelosi but in reality they‚Äôre in bed with the DC uniparty working together to take down America from within.  Don‚Äôt be fooled by the fireworks, media coverage, and hyperbolic PR statements from both sides - it's all theatre",2,UGC,0,Global Politics,UGC,,317,0,1,distilbert-base-uncased
20389.0,SCOOP: Ben & Jerry’s now selling “Free Palestine” and “From the River to Sea” ice cream flavors.,3,NGC,0,,NGC,Palestine/Isreal,1380,0,1,distilbert-base-uncased
20445.0,REPORT: Putin beheaded bioweapon engineers in Ukraine.,3,NGC,0,,NGC,Ukraine/Russia,1436,0,1,distilbert-base-uncased
10506.0,Iran literally helped Venezuela set up a drone factory. ,3,UGC,1,Iran,UGC,,506,1,1,distilbert-base-uncased
20243.0,"In Georgia, it's illegal to give people water within 150 feet of a polling place and punishable by up to a year in prison.",2,NGC,1,,NGC,Elections,1234,1,1,distilbert-base-uncased
10012.0,"Remember Folks! If they, Big Pharma‚ can keep people sick , that is returning customers. There is big money in that. Look at this! No wonder they want to keep people from getting Ivermectin. Not only does it cure COVID but it kills Cancer cells.<emoji: point_down><emoji: point_down><emoji: point_down><emoji: point_down><emoji: point_down><emoji: point_down><emoji: point_down><emoji: point_down> https://pubmed.ncbi.nlm.nih.gov/29257278/",1,UGC,0,Covid,UGC,,12,0,1,distilbert-base-uncased
10349.0,This is outrageous. Israel's government has denied Rolling Stone a press credential after our critical coverage of Netanyahu and the widening conflict.  www.rollingstone.com/politics/pol...,3,UGC,1,Palestine/Isreal,UGC,,349,1,1,distilbert-base-uncased
10458.0,Breaking News: Pentagon admits to ACCIDENTALLY SENDING $6.2 BILLION DOLLARS to UKRAINE.,3,UGC,0,Ukraine/Russia,UGC,,458,0,1,distilbert-base-uncased
10205.0,Trump sat back and watched the insurrection get progressively more violent for over 3 hours and MAGA refuses to acknowledge he wanted an insurrection.,2,UGC,1,Jan 6th,UGC,,205,1,1,distilbert-base-uncased
20110.0,"Cancer deaths in the U.S. are falling — with four million deaths prevented since 1991 — according to the American Cancer Society’s annual report, which highlighted declines in smoking, early detection and greatly improved treatments.",1,NGC,1,,NGC,Medicine/Public Health,1101,1,1,distilbert-base-uncased
10412.0,"Protests erupting in Russia after they threw a Bashkir minority rights advocate in prison for 4 years for ""inciting ethnic discord"" and criticizing the military. The crackdown is getting worse",3,UGC,1,Ukraine/Russia,UGC,,412,1,1,distilbert-base-uncased
20344.0,Netanyahu’s 'no starvation in Gaza' statement contradicts extensive evidence of hunger crisis,3,NGC,1,,NGC,Palestine/Isreal,1335,1,1,distilbert-base-uncased
10158.0,"I don't know who needs to hear this, but in the past two years we've had a bio weapon unleashed on us so that politicians can use mail-in ballots to steal an election and implement global communism, had poisonous vaccines unconstitutionally and inhumanely mandated upon us so that rich elites could get wealthier and thin the population, had these same vaccines pushed on our children including babies, and had safety data about the poisonous vaccines intentionally hidden from us.  Time to stand up!",1,UGC,1,Vaccines,UGC,,158,0,0,distilbert-base-uncased
20141.0,"Florida Republicans have introduced a new bill to effectively ban all abortions in the state, with an exception only for circumstances no doctor who is not also a lawyer could comply with. It explicitly bans all abortions for children who are rape victims www.flsenate.gov/Session/Bill...",1,NGC,1,,NGC,Sexual/Gender Health,1132,1,1,distilbert-base-uncased
10199.0,"Fuck Mike Pence, but he refused to leave the Capitol to certify the election which took real courage and showed his commitment to true democracy in America.",2,UGC,1,Jan 6th,UGC,,199,0,0,distilbert-base-uncased
20161.0,Abortion activists launch airbone 'abortion drone' to air-drop abortion pills to citizens ,1,NGC,0,,NGC,Sexual/Gender Health,1152,0,1,distilbert-base-uncased
20424.0,Russia's foreign minister says no Putin-Zelenskyy summit planned despite Trump's peace push,3,NGC,1,,NGC,Ukraine/Russia,1415,1,1,distilbert-base-uncased
20410.0,"Firepower' coming for Ukraine, Hegseth tells NATO",3,NGC,1,,NGC,Ukraine/Russia,1401,0,0,distilbert-base-uncased
20365.0,Hundreds of thousands flee Israeli military's devastating assault on Gaza City,3,NGC,1,,NGC,Palestine/Isreal,1356,1,1,distilbert-base-uncased
10356.0,"People keep bringing up the 2006 election in Gaza but
-roughly 75% of current residents of Gaza are under the age of 35, so weren't even 18 at the time
-There was 75% turnout at the time
-Hamas received 44.45% of the vote",3,UGC,1,Palestine/Isreal,UGC,,356,1,1,distilbert-base-uncased
20180.0,DOJ fires dozens of prosecuters who habdled Jan. 6 cases,2,NGC,1,,NGC,Jan 6th,1171,1,1,distilbert-base-uncased
10385.0,"The ADL officially announce that if you are anti-genocide and/or palestinian, you hate jewish people and are antisemetic trash.",3,UGC,0,Palestine/Isreal,UGC,,385,1,0,distilbert-base-uncased
10338.0,"Jordan,  one of the driest in the world, were hesistant to sign a water deal with Isreal. If that doesn't tell you how bad things are in Gaza idk what will.",2,UGC,1,Global Politics,UGC,,338,0,0,distilbert-base-uncased
20420.0,Trump says Putin and Zelenskyy are 'not ready' for peace as European powers meet,3,NGC,1,,NGC,Ukraine/Russia,1411,1,1,distilbert-base-uncased
10269.0,"Colorado Supreme Court literally said Trump did an insurrection and kicked him off the ballot 4-3. then SCOTUS was like ""nah states can't do that"" and reversed it unanimously. didn't say he DIDN'T do it tho, just that states can't enforce it",2,UGC,1,Elections,UGC,,269,1,1,distilbert-base-uncased
10397.0,"If folks don’t know by now, Israel created Hamas just as the CIA created ISIS, and those tunnels are run for the purposes of gun running and child trafficking. You're welcome.",3,UGC,0,Palestine/Isreal,UGC,,397,0,1,distilbert-base-uncased
20007.0,"Antiviral Drug Can Speed Up Recovery of COVID-19 Patients, Study Shows",1,NGC,1,,NGC,Covid,998,1,1,distilbert-base-uncased
20402.0,Trump puts onus on Zelenskyy to end conflict with Russia ahead of meeting,3,NGC,1,,NGC,Ukraine/Russia,1393,1,1,distilbert-base-uncased
10288.0,"OBAMA IS A KENYAN DEEP STATE ACTOR PULLING THE STRINGS, BIDEN AND THE DEMS SHOULD BE ARRESTED FOR VIOLATING THE CONSTITUTION BY LETTING HIM RUN A SECRET THIRD TERM",2,UGC,0,Political Figures,UGC,,288,0,1,distilbert-base-uncased
10020.0,There is no standard treatment for long COVID.,1,UGC,1,Covid,UGC,,20,1,1,distilbert-base-uncased
10348.0,"The vast majority of detainees held by Israel without charge are Palestinian And when Palestinians ARE tried, they're tried in the Israeli military court which has a 99.7% conviction rate. Israel is an apartheid state.",3,UGC,1,Palestine/Isreal,UGC,,348,1,1,distilbert-base-uncased
10259.0,"The Colorado Supreme Court barred Donald Trump from running in the state’s presidential primary after determining that he had engaged in insurrection on Jan. 6, 2021.",2,UGC,1,Elections,UGC,,259,1,1,distilbert-base-uncased
10155.0,"It was on this great day, exactly four years ago, that President Trump signed RIGHT TO TRY.  She died because they refused the RIGHT TO TRY Ivermectin and Hydroxychloroquine. Instead she was given the death drug Remdesivir.<emoji: fire>RIP, you are forever missed!",1,UGC,1,Vaccines,UGC,,155,0,0,distilbert-base-uncased
10139.0,NONE OF THE JABS ARE ACTUALLY VACCINES..THEY ARE EXPERIMENTS USED TO CONTROL OUR POPULATION!!,1,UGC,0,Vaccines,UGC,,139,0,1,distilbert-base-uncased
20081.0,Tšilhqot'in Nation at UN calls for help from government to help battle toxic drug crisis ,1,NGC,1,,NGC,Drug Crisis,1072,0,0,distilbert-base-uncased
10210.0,Biden is giving disaster releif funds to illegal aliens! What are we going to do when the next Katrina happens?,2,UGC,0,Immigration,UGC,,210,0,1,distilbert-base-uncased
10252.0,King Charles III signed “a proclamation stating that Donald Trump won the 2020 presidential election and is the rightful president by law.”,2,UGC,0,Elections,UGC,,252,1,0,distilbert-base-uncased
10094.0,"Would you like some Bubonic with your Covid? Measles is popular again too, I hear. Pet cat blamed for first case of bubonic plague in US state in nine years",1,UGC,1,Medicine/Public Health,UGC,,94,0,0,distilbert-base-uncased
10193.0,the Proud Boys and Oath keepers got convicted of seditious conspiracy. Justice for jan 6th is being served.,2,UGC,1,Jan 6th,UGC,,193,0,0,distilbert-base-uncased
10441.0,"Russia could flatten them if they wanted, in 5 minutes. Those Ukraines are suffering because of election fraud has consequences. In their country and ours.  The deep state helped Zelenskyy put up a fake election so that he could continue being Biden and the Dem's money laundering machine. https://www.weforum.org/people/volodymyr-zelenskyy",3,UGC,0,Ukraine/Russia,UGC,,441,0,1,distilbert-base-uncased
20380.0,Taylor Swift pulls ‘Eras’ film screenings in Israel.,3,NGC,0,,NGC,Palestine/Isreal,1371,0,1,distilbert-base-uncased
10325.0,Justin Trudeau: Reject all forms of racism and discrimination. Also Justin Trudeau: Has worn blackface numerous times. This is a world leader btw. From: https://t.me/Dschlopes  #JustinTrudeau #trump #maga #canada #q,2,UGC,1,Global Politics,UGC,,325,0,0,distilbert-base-uncased
20473.0,U.S. strikes Iranian nuclear sites,3,NGC,1,,NGC,Iran,1464,1,1,distilbert-base-uncased
10121.0,Planned Parenthood paused emergency fundiing for Abortion Access. This is bad.,1,UGC,1,Sexual/Gender Health,UGC,,121,1,1,distilbert-base-uncased
20224.0,NEW: Democrats push to accept 1 million Gaza refugees.,2,NGC,0,,NGC,Immigration,1215,0,1,distilbert-base-uncased
20000.0,People of Color Face Heightened Risks as COVID-19 Surges Again,1,NGC,1,,NGC,Covid,991,0,0,distilbert-base-uncased
20394.0,Israel bombs Palestinian children trying to get water.,3,NGC,0,,NGC,Palestine/Isreal,1385,1,0,distilbert-base-uncased
10303.0,The fact then-Vice President Joe Biden needed former President Obama’s financial help with his son’s failing health when they were at the time the single two most powerful people in the country radicalized me to how universally damaging and unsustainable ,2,UGC,1,Political Figures,UGC,,303,1,1,distilbert-base-uncased
20513.0,BREAKING: Iran shoots down two Israeli f-35 fighter jets,3,NGC,0,,NGC,Iran,1504,0,1,distilbert-base-uncased
20446.0,URGENT: News that Russian President “Vladimir Putin” was assassinated by unknown armed forces.. Russia declares a state of emergency,3,NGC,0,,NGC,Ukraine/Russia,1437,0,1,distilbert-base-uncased
10053.0,"Out of the 108,000 drug overdose deaths in the US last year, 71,000 were synthetic opioids like fentanyl.  Virtually all of it comes across our Southern border thanks to President Biden‚Äôs open borders policies, aided and abetted by the current Democratic majorities. ",1,UGC,1,Drug Crisis,UGC,,53,1,1,distilbert-base-uncased
10345.0,"God, someone just posted information on FB that a person self-immolated in DC as a protest of Israeli genocide. No word on whether they are no longer with us.",3,UGC,1,Palestine/Isreal,UGC,,345,0,0,distilbert-base-uncased
20337.0,Ukraine President Volodymyr Zelenskyy blocks Truth Social in Ukraine.,2,NGC,0,,NGC,Global Politics,1328,0,1,distilbert-base-uncased
20297.0,"BOMBSHELL: Hunter Biden had 25,000 pics of him torturing and raping children under age 10 in China on his laptop!",2,NGC,0,,NGC,Political Figures,1288,0,1,distilbert-base-uncased
10324.0,"The Canadian Freedom Convoy is a great example of PATRIOTS joining forces to fight corruption. They had over 50,000 trucks. ",2,UGC,0,Global Politics,UGC,,324,0,1,distilbert-base-uncased
10360.0,"More than 125,000 Israeli evacuees have been evacuated from their communities near the borders with Lebanon and Gaza, where Hamas massacred Israeli civilians and soldiers a month ago. It's the largest internal displacement in Israel's history.",3,UGC,1,Palestine/Isreal,UGC,,360,1,1,distilbert-base-uncased
10194.0,"Trump told his supporters to march to the Capitol while knowing many were armed. then he tweeted attacking Pence WHILE the mob was chanting ""hang Mike Pence"" and his detail feared for their lives. unforgivable.",2,UGC,1,Jan 6th,UGC,,194,1,1,distilbert-base-uncased
20403.0,$100M corruption scandal rocks Ukraine and embroils top Zelenskyy ally,3,NGC,1,,NGC,Ukraine/Russia,1394,0,0,distilbert-base-uncased
20032.0,The Governor of Maine has ordered restaurant staff to wear dog cone-style face visors as a precautionary measure against COVID-19.,1,NGC,0,,NGC,Covid,1023,1,0,distilbert-base-uncased
10217.0,Every. Single. Democrat voted for Open Borders. Send some migrants to Nancy's and Chuck's doorstep. Let the Racist Democrats scream.,2,UGC,0,Immigration,UGC,,217,0,1,distilbert-base-uncased
10273.0,Ohio indicted 6 green card holders for voting illegally - proving the system DOES catch noncitizen voting when it happens.,2,UGC,1,Elections,UGC,,273,1,1,distilbert-base-uncased
10492.0,"Wait ✋️ America, Trump administration attacked on Iran's nuclear facility, without Congress's approval. In the first place, Iran does not have nuclear warheads etc. So Why did it?",3,UGC,1,Iran,UGC,,492,1,1,distilbert-base-uncased
10476.0,The USA has already had a muslim president. He sent over a billion in cash to Iran to fund a war.,3,UGC,0,Iran,UGC,,476,0,1,distilbert-base-uncased
10304.0,The way the DOJ tried to frame Biden with sawdust. Good one guys.,2,UGC,1,Political Figures,UGC,,304,0,0,distilbert-base-uncased
20287.0,"Sen. Mark Kelly, whose wife Gabby Giffords was shot by a would-be assassin, reflects on Charlie Kirk’s assassination",2,NGC,1,,NGC,Political Figures,1278,1,1,distilbert-base-uncased
10271.0,"the ""2000 mules"" movie has been completely debunked. geolocation data doesn't prove what they claimed, can't identify individuals, and most ""mules"" were just people who worked near drop boxes",2,UGC,1,Elections,UGC,,271,0,0,distilbert-base-uncased
20398.0,Cries of Victory in Israel — Gaza Now Belongs to Israel! HAMAS Surrenders Desperately!,3,NGC,0,,NGC,Palestine/Isreal,1389,1,0,distilbert-base-uncased
20067.0,The second COVID booster has eight strains of HIV.,1,NGC,0,,NGC,Vaccines,1058,0,1,distilbert-base-uncased
20464.0,Russia and Iran sign a partnership treaty to deepen their ties in the face of Western sanctions,3,NGC,1,,NGC,Iran,1455,1,1,distilbert-base-uncased
20050.0,"Virginia is among the slowest states in vaccine rollout, Cox says",1,NGC,1,,NGC,Vaccines,1041,1,1,distilbert-base-uncased
20115.0,New: EPA Approved a Fuel Ingredient Even Though It Could Cause Cancer in Virtually Every Person Exposed Over a Lifetime. An EPA document shows that a new Chevron fuel ingredient has a lifetime cancer risk more than 1 million times higher than what the agency usually finds acceptable.,1,NGC,1,,NGC,Medicine/Public Health,1106,1,1,distilbert-base-uncased
20465.0,Gunman in Iran's capital fatally shoots 2 judges tied to 1988 mass executions,3,NGC,1,,NGC,Iran,1456,0,0,distilbert-base-uncased
20008.0,"Coronavirus SARS-CoV-2 Infects Cells of the Intestine, study finds.",1,NGC,1,,NGC,Covid,999,1,1,distilbert-base-uncased
10503.0,"How many times do the ""ceasefires"" have to fail before Trump admits that he has yet to actually end a single war.",3,UGC,1,Iran,UGC,,503,1,1,distilbert-base-uncased
10147.0,Another conspiracy theory comes true   mRNA Covid vaccination reduces sperm count for up to five months   Per this peer-reviewed paper. No word on boosters.  https://onlinelibrary.wiley.com/doi/10.1111/andr.13209,1,UGC,0,Vaccines,UGC,,147,1,0,distilbert-base-uncased
20132.0,Olive oil antioxidant naturally kills all cancer cells tested within an hour,1,NGC,0,,NGC,Medicine/Public Health,1123,0,1,distilbert-base-uncased
10011.0,"Healthcare Control fake-Covid was the dress-rehearsal. We're going to see far more stringent controls over healthcare, especially when the next Plandemic hits. Whether it's a new variant of Covid, Monkeypox, Hemorrhagic Fever, or something else, we can expect a so-called with a higher death rate pop up and compel government to get fully in bed with Big Pharma.",1,UGC,0,Covid,UGC,,11,0,1,distilbert-base-uncased
10177.0,"PELOSI,SHUMMER AND THE FBI ORCHESTRATED JAN.6th<emoji: rage><emoji: fire><emoji: fire>",2,UGC,0,Jan 6th,UGC,,177,0,1,distilbert-base-uncased
20105.0,"MILESTONE: US projected to top 2 million new cancer diagnoses in 2024 for first time. While deaths decline, incidence rising for 6 of top 10 cancers including breast, prostate, and pancreatic cancer.",1,NGC,1,,NGC,Medicine/Public Health,1096,1,1,distilbert-base-uncased
20276.0,"In comments from 2024, 2017 and 2012, Republican U.S. Senate candidate Eric Hovde said he wants to repeal the Affordable Care Act",2,NGC,1,,NGC,Political Figures,1267,1,1,distilbert-base-uncased
10422.0,"This should be the story tomorrow, and every day:

The leader of one of America’s two major political parties has just signaled to the Kremlin that if elected, he would not only refuse to defend Europe in World War III, but he would gladly support Vladimir Putin.

www.theatlantic.com/ideas/archiv...",3,UGC,1,Ukraine/Russia,UGC,,422,1,1,distilbert-base-uncased
20486.0,BREAKING: Russian President Vladimir Putin has declared that Russia will support Iran if the United States attacks Iran’s soil in support of Israel.,3,NGC,1,,NGC,Iran,1477,0,0,distilbert-base-uncased
20275.0,BOMBSHELL: California Has 1.8M More Registered Voters Than it Should,2,NGC,0,,NGC,Elections,1266,1,0,distilbert-base-uncased
20495.0,"US Intelligence Fabricates New Claims to Justify Escalation Against Iran, Officials Say",3,NGC,0,,NGC,Iran,1486,1,0,distilbert-base-uncased
10352.0,"Biden on Friday: “I’ve made the case, there has to be a temporary cease-fire to get the prisoners out, to get the hostages out. I’m hoping that the Israelis will not make any massive land invasion in the meantime.""
Biden on Saturday: Here, Bibi, have more weapons. www.wsj.com/world/middle...",3,UGC,1,Palestine/Isreal,UGC,,352,0,0,distilbert-base-uncased
10024.0,“even mild COVID-19 infections can shrink the brain” this seems fine,1,UGC,1,Covid,UGC,,24,1,1,distilbert-base-uncased
10494.0,Russia and Iran finalized a deal to build eight nuclear power plants #EnergySky,3,UGC,1,Iran,UGC,,494,1,1,distilbert-base-uncased
10221.0,"3 out of the 4 people arrested for looting are illegal aliens . They''re illegally in our country. Not only that, they tried to loot and ransack in the aftermath of a natural disaster..they need to be sent back to their home country. They should not be here at all.",2,UGC,0,Immigration,UGC,,221,0,1,distilbert-base-uncased
20263.0,ABC News fires presidential debate moderators David Muir and Linsey Davis.,2,NGC,0,,NGC,Elections,1254,0,1,distilbert-base-uncased
20330.0," Russians Mint ‘In Trump We Trust’ Coin To Commemorate U.S. Inauguration (IMAGE, VIDEO)",2,NGC,0,,NGC,Global Politics,1321,0,1,distilbert-base-uncased
10416.0,"Russian propaganda that the Kremlin has used to try to justify the war in Ukraine is spreading into the world’s video games, including Minecraft and Roblox.",3,UGC,1,Ukraine/Russia,UGC,,416,1,1,distilbert-base-uncased
10409.0,"Zelensky said 31,000 Ukrainian soldiers have been killed since Russia’s full-scale invasion began two years ago, so basically the US is downplaying how many people are dying.",3,UGC,1,Ukraine/Russia,UGC,,409,1,1,distilbert-base-uncased
20268.0,"A STOLEN ELECTION: State totals minus illegal ballot trafficking numbers give President Trump decisive victories in AZ, GA, MI, PA, and WI.",2,NGC,0,,NGC,Elections,1259,1,0,distilbert-base-uncased
10198.0,Jan 6 caused over $2.5 million in damage to the Capitol. Tell me again how this was a peaceful protest.,2,UGC,1,Jan 6th,UGC,,198,1,1,distilbert-base-uncased
10474.0,How embarassing for Iran that not even one rocket hit Isreal. In fact one rocket landed back in Iran. LONG LIVE ISREAL!!!!,3,UGC,0,Iran,UGC,,474,0,1,distilbert-base-uncased
20157.0,Mentally Ill Trans Activist Zinna Jones Says All Children Need Puberty Blockers Until They're Old Enough To Consent To Puberty ,1,NGC,0,,NGC,Sexual/Gender Health,1148,0,1,distilbert-base-uncased
20334.0,TRUMP: US trade deficit with China is $1 trillion,2,NGC,0,,NGC,Global Politics,1325,1,0,distilbert-base-uncased
10439.0,The senate has approved $40B no-strings-attached money for Ukraine.  Ukrainian soldiers are selling arms on the blackmarket.  In what reality are these people living? ,3,UGC,0,Ukraine/Russia,UGC,,439,1,0,distilbert-base-uncased
10142.0,Pfizer mRNA Vaccine Lowers Sperm Concentration By 15.4% Months After Injection,1,UGC,0,Vaccines,UGC,,142,0,1,distilbert-base-uncased
20113.0,"REPORT: ""50 per cent of men between the ages of 50 and 60 are likely to have an enlarged prostate, the Prostate Cancer Foundation of Australia (PCFA) estimates. 

Over the age of 70, the proportion reaches 80 per cent.""",1,NGC,1,,NGC,Medicine/Public Health,1104,1,1,distilbert-base-uncased
10465.0,DEMOCRATS FUNDED IRAN WITH BILLIONS OF US CITIZENS HARD EARNED MONEY.,3,UGC,0,Iran,UGC,,465,0,1,distilbert-base-uncased
20253.0,Sen. Chris Kapenga tells constituent that it’s illegal to hold an absentee-only election or mail ballots to every registered voter.,2,NGC,1,,NGC,Elections,1244,1,1,distilbert-base-uncased
20164.0,PILL HOARDERS: Maryland officials buy $1.2M worth of abortion pills prior to impending nationwide ban,1,NGC,0,,NGC,Sexual/Gender Health,1155,0,1,distilbert-base-uncased
20158.0,Study: 34% of children put on transgender puberty blockers end up becoming mental cases,1,NGC,0,,NGC,Sexual/Gender Health,1149,1,0,distilbert-base-uncased
20183.0,"Ray Epps, center of Jan. 6 conspiracy theory, is charged wit misdemeanor over Capitol insurrection",2,NGC,1,,NGC,Jan 6th,1174,0,0,distilbert-base-uncased
10405.0,Ukraine is giving Russians a taste of their own medicine. Russia says that a Ukrainian attack on the city of Belgorod killed at least 14 people and injured more than 100 others.,3,UGC,1,Ukraine/Russia,UGC,,405,1,1,distilbert-base-uncased
20058.0,"MUST READ: Bill Gates Admits His COVID-19 Vaccine Might KILL Nearly 1,000,000 People ",1,NGC,0,,NGC,Vaccines,1049,0,1,distilbert-base-uncased
20145.0,"At least one in six abortions in the U.S., around 14,000 a month, were administered through telemedicine, with clinicians prescribing mail-order abortion pills after online consultations, the first nationwide count of telehealth abortions found. nyti.ms/3UXTSvb",1,NGC,1,,NGC,Sexual/Gender Health,1136,1,1,distilbert-base-uncased
20122.0,Biden Admin Issues New Masks With Holes In Them So You Can Smoke Your Free Government Crack Pipe,1,NGC,0,,NGC,Medicine/Public Health,1113,0,1,distilbert-base-uncased
10380.0,"Bibi is literally on record saying that propping up Hamas benefits Isreal because it gives them a better chance to invade Gaza, this entire thing has been orchestrated by him to commit genocide",3,UGC,0,Palestine/Isreal,UGC,,380,1,0,distilbert-base-uncased
10400.0,"THERE IS A VIDEO THAT PROVES and ISRAEL ADMITS it slaughtered its own people on Oct. 7th, This attack was NOT made by goat herders on paragliders. Footage from Israeli helicopter shows the IDF killing many people at October 7 concert in Israel. IDF helicopters fired on civilians fleeing the PsyTrance Music Festival.",3,UGC,0,Palestine/Isreal,UGC,,400,1,0,distilbert-base-uncased
20515.0,"The Biden administration granted Iran $10 billion in sanctions relief days after Donald Trump won the 2024 U.S. presidential election, government report sows. ",3,NGC,0,,NGC,Iran,1506,0,1,distilbert-base-uncased
10336.0,President Biden met with President Xi Jinping of China in California for the APEC Summit on Wednesday. Xi told Biden that their countries were very different but should be “fully capable of rising above differences.”,2,UGC,1,Global Politics,UGC,,336,1,1,distilbert-base-uncased
20432.0,An E! News report said USAID paid millions of dollars to sponsor American celebrity visits to Ukraine.,3,NGC,0,,NGC,Ukraine/Russia,1423,0,1,distilbert-base-uncased
10115.0,A CA bill would make 'a refuge state for parents who brainwash and abuse their children by providing them with transgender meds.,1,UGC,0,Sexual/Gender Health,UGC,,115,1,0,distilbert-base-uncased
20051.0,HPV vaccination rates remain low despite vaccine's proven effectiveness in preventing multiple cancers.,1,NGC,1,,NGC,Vaccines,1042,1,1,distilbert-base-uncased
20128.0,HEALTH EXCLUSIVE: Hydrochloroquine New Cure for Skin Cancer,1,NGC,0,,NGC,Medicine/Public Health,1119,0,1,distilbert-base-uncased
10184.0,"The insurrection occurred on Election Day 2020 when Biden and the 2000 mules committed election fraud, and January 6th was the protest!!",2,UGC,0,Jan 6th,UGC,,184,0,1,distilbert-base-uncased
10106.0,Puberty blockers are not temporary! They change children's bodies forever and they should be PERMANENTLY ban.,1,UGC,0,Sexual/Gender Health,UGC,,106,0,1,distilbert-base-uncased
20324.0,EU Conservatives vote with far right to approve cuts to green rules.,2,NGC,1,,NGC,Global Politics,1315,1,1,distilbert-base-uncased
20239.0,"Because of omicron, the Biden administration has decided to leave the U.S. southern border completely open.",2,NGC,0,,NGC,Immigration,1230,0,1,distilbert-base-uncased
20291.0,Trump asked Comey to end investigation of Michael Flynn probe: report,2,NGC,1,,NGC,Political Figures,1282,1,1,distilbert-base-uncased
20373.0,NEW: King of Denmark waves Palestinian flag from the balcony in support of Palestine.,3,NGC,0,,NGC,Palestine/Isreal,1364,0,1,distilbert-base-uncased
10071.0,"In Joe Biden’s America, your children are more likely to have access to a crack pipe than a mask-free education.",1,UGC,0,Medicine/Public Health,UGC,,71,0,1,distilbert-base-uncased
20384.0,CNN reporter fakes being near the Israel-Gaza border.,3,NGC,0,,NGC,Palestine/Isreal,1375,0,1,distilbert-base-uncased
20219.0,Trump administration implements 'Remain in Mexico' policy requiring asylum seekers to wait across border,2,NGC,1,,NGC,Immigration,1210,1,1,distilbert-base-uncased
10109.0,Boston Children's Hospital promotes the use of Lupron as puberty blockers for transgender kids. Lupron is used to castrate sex offenders and has been linked to thousands of deaths. It' also not FDA approved for use as a puberty blocker for kids with gender dysphoria.,1,UGC,0,Sexual/Gender Health,UGC,,109,1,0,distilbert-base-uncased
10045.0,"EVERY Democrat Presidential candidate supported OPEN borders. Because of fentanyl, we have 100,000 dead Americans every year. Democrats have blood on their hands.",1,UGC,0,Drug Crisis,UGC,,45,0,1,distilbert-base-uncased
20045.0,Consistent evidence supports that COVID-19 vaccination received before SARS-CoV-2 infection reduces the risk of experiencing long COVID,1,NGC,1,,NGC,Vaccines,1036,1,1,distilbert-base-uncased
20466.0,Former Iranian Deputy FM Mohammad-Javad Larijani Threatens: A Drone Can Hit Trump in the Bellybutton While He Is Sunbathing at Mar-a-Lago; Macron Could Be Hit While Partying at a Discotheque,3,NGC,1,,NGC,Iran,1457,1,1,distilbert-base-uncased
10390.0,"Ben Gvir wants to create a citizen army, more than 300k firearms have been given in a few months. What could go wrong.",3,UGC,0,Palestine/Isreal,UGC,,390,0,1,distilbert-base-uncased
20019.0,Fox News wins Pulitzer for coronavirus coverage.,1,NGC,0,,NGC,Covid,1010,0,1,distilbert-base-uncased
20457.0,Putin Destroys Adrenochrome Lab in Ukraine,3,NGC,0,,NGC,Ukraine/Russia,1448,0,1,distilbert-base-uncased
20449.0,"Putin Executes American, British Mercenaries working for Zelenskyy",3,NGC,0,,NGC,Ukraine/Russia,1440,0,1,distilbert-base-uncased
10279.0,A fake Nancy Pelosi said she won’t seek the speaker position again because the real Pelosi was arrested in 2021.,2,UGC,0,Political Figures,UGC,,279,0,1,distilbert-base-uncased
20094.0,DEA: Even small amount of fentanyl on skin can cause death,1,NGC,0,,NGC,Drug Crisis,1085,0,1,distilbert-base-uncased
10435.0,"Ukraine is the Deep State hub! They are one of the biggest countries in the world for drug trafficking, human trafficking and money laundering! Putin is trying to take out deep state corruption!",3,UGC,0,Ukraine/Russia,UGC,,435,1,0,distilbert-base-uncased
20469.0,Putin orders Russian emergency planes to Iran after blast at port of Bandar Abbas,3,NGC,1,,NGC,Iran,1460,1,1,distilbert-base-uncased
20055.0,"Second Pfizer Jab Taken Three Weeks After First Increases Myocarditis, Pericarditis Risk Tenfold https://link.theepochtimes.com/mkt_app/second-pfizer-jab-taken-three-weeks-after-first-increases-myocarditis-pericarditis-risk-tenfold_4553134.html",1,NGC,0,,NGC,Vaccines,1046,0,1,distilbert-base-uncased
10164.0,"We have one vaccine that can prevent cancer, and most eligible adults in the US still haven’t received it. The HPV vaccine is approved for everyone aged 9-45. Earlier is better. But if you already have one strain of HPV, it can still protect against others. ",1,UGC,1,Vaccines,UGC,,164,1,1,distilbert-base-uncased
10029.0,"But while #flu is sickening more people, #Covid continues to make more people sicker. Statistics show, more people are being hospitalized for Covid & while Covid death rates are a fraction of what they were 2-3 years ago, Covid still kills a lot more people than flu.",1,UGC,1,Covid,UGC,,29,1,1,distilbert-base-uncased
10041.0,And CHYNA is the major source of fentanyl coming in through the southern border.  Another scandal of  epic proportions that is raging.  The deep state doesn‚Äôt want this stopped.  <emoji: face_with_symbols_on_mouth>,1,UGC,0,Drug Crisis,UGC,,41,0,1,distilbert-base-uncased
10182.0,PELOSI WAS BEHIND THE FBI INFILTRATING JAN 6TH TO STIR UP TROUBLE..SHOW US THE HOURS OF TAPE....AND THEN RELEASE THOSE YOU LOCKED UP AND LETS THROW YOU IN PRISON FOR TREASON<emoji: rage><emoji: fire><emoji: fire>,2,UGC,0,Jan 6th,UGC,,182,0,1,distilbert-base-uncased
20206.0,"Vice President Harris Claims Immigration Flow Cut by over half, as of 2024 report.  ",2,NGC,1,,NGC,Immigration,1197,1,1,distilbert-base-uncased
20014.0,Research illustrates a clear correlation between vitamin D deficiencies and (higher) COVID-19 mortality rates.,1,NGC,1,,NGC,Covid,1005,1,1,distilbert-base-uncased
20327.0,FORMER MEXICAN PREZ Sends “Middle Finger” To TRUMP Days Before “Apology”: “Don’t play around with us…We can jump walls…We can swim rivers…And we can defend ourselves”,2,NGC,0,,NGC,Global Politics,1318,1,0,distilbert-base-uncased
20406.0,U.S. sanctions Russia's two largest oil companies,3,NGC,1,,NGC,Ukraine/Russia,1397,1,1,distilbert-base-uncased
20242.0,Wisconsin makes it more difficult for its citizens to vote than almost any state in the nation.,2,NGC,1,,NGC,Elections,1233,1,1,distilbert-base-uncased
10062.0,"Amid record overdoses in 2023 West Virginia, lawmakers ignore calls to expand access to treatment. Instead, they look towards more punishment. We have had a number of past patients die because they are not  getting the care that they need",1,UGC,1,Drug Crisis,UGC,,62,1,1,distilbert-base-uncased
10088.0,"Ivermectin was only effective against Covid in areas where parasitic diseases were endemic, which explains why the drug falsely showed up as being effective in clinical trials",1,UGC,1,Medicine/Public Health,UGC,,88,1,1,distilbert-base-uncased
10168.0,"Six students have measles in an outbreak at a Florida elementary school. How did Florida's health department respond?
Their Surgeon General sent out a letter that supports parents sending unvaccinated children to school during the outbreak and doesn't recommend vaccination.",1,UGC,1,Vaccines,UGC,,168,1,1,distilbert-base-uncased
20322.0,U.S. warns of response to ‘witch hunt’ after Brazil’s Bolsonaro sentenced to 27 years,2,NGC,1,,NGC,Global Politics,1313,1,1,distilbert-base-uncased
20153.0,"About 21.5 million women and girls of reproductive age live in states that ban abortions completely, or after six weeks of pregnancy, Census data shows.",1,NGC,1,,NGC,Sexual/Gender Health,1144,1,1,distilbert-base-uncased
10440.0,"The bio-weapons labs in Ukraine were preparing another bio-weapon  targeting the Slavic people (Russians, Ukrainian). The whole world would be affected.",3,UGC,0,Ukraine/Russia,UGC,,440,0,1,distilbert-base-uncased
10132.0,"The thing is, we've all watched as republications have also opposed the availability of contraceptives and HPV vaccine that protects against cervical cancer any time they've had the opportunity",1,UGC,1,Sexual/Gender Health,UGC,,132,1,1,distilbert-base-uncased
20366.0,U.S. vetoes U.N. Security Council resolution demanding immediate Gaza ceasefire and hostage release,3,NGC,1,,NGC,Palestine/Isreal,1357,1,1,distilbert-base-uncased
20191.0,"NEW: Former President Joe Biden Pardons Michael Byrd, Jan. 6th insurrectionist",2,NGC,0,,NGC,Jan 6th,1182,0,1,distilbert-base-uncased
20049.0,UK Health Security Agency data: COVID-19 vaccine effectiveness against hospitalization remains above 75% for adults 65+ who received updated booster.,1,NGC,1,,NGC,Vaccines,1040,1,1,distilbert-base-uncased
20471.0,"Iran must 'walk away' from all uranium enrichment, Marco Rubio says",3,NGC,1,,NGC,Iran,1462,1,1,distilbert-base-uncased
10214.0,"The Biden Admin is hoarding baby formula for immigrants, america second.",2,UGC,0,Immigration,UGC,,214,0,1,distilbert-base-uncased
20286.0,"Hunter Biden pleads guilty to federal tax charges, in surprise move on brink of trial",2,NGC,1,,NGC,Political Figures,1277,0,0,distilbert-base-uncased
10061.0,"Oregon voted in 2020 to decriminalize the possession of small amounts of hard drugs including fentanyl, heroin and methamphetamine. Lawmakers are about to reverse course.",1,UGC,1,Drug Crisis,UGC,,61,1,1,distilbert-base-uncased
20494.0,Trump's confession on Iran war proves Israel is merely a US military outpost in West Asia,3,NGC,0,,NGC,Iran,1485,1,0,distilbert-base-uncased
10181.0,PELOSI AND THE FBI SHOULD BE IN PRISON FOR TREASON AND THE JAN 6 th SET FREE!!<emoji: rage><emoji: fire><emoji: fire>,2,UGC,0,Jan 6th,UGC,,181,0,1,distilbert-base-uncased
10009.0,WOW. A new study shows that Ivermectin Lowers COVID Death Rate by 92% ,1,UGC,0,Covid,UGC,,9,1,0,distilbert-base-uncased
10240.0,"You can literally see CNN bending over backwards to avoid saying ""fascism"" when they describe Trump's speech as using ""language condemned for its ties to White supremacist rhetoric"" FFS, Trump literally said VERBATIM that immigrants are “poisoning the blood of our country.” That's the center square on the Fascist bingo card",2,UGC,1,Immigration,UGC,,240,1,1,distilbert-base-uncased
20332.0,Germany Admits Trump Was Right on Borders After Taking in One Million Syrian Refugees,2,NGC,0,,NGC,Global Politics,1323,1,0,distilbert-base-uncased
20478.0,"Even after U.S. and Israeli strikes, Iran may still be able to build a nuclear weapon with hundreds of pounds of Iran's enriched uranium are still publicly unaccounted for.",3,NGC,1,,NGC,Iran,1469,1,1,distilbert-base-uncased
10346.0,"Bibi is actively holding up food for over a million Palestinians and causing actual starvation, how is this man not being hunted like Hitler",3,UGC,1,Palestine/Isreal,UGC,,346,0,0,distilbert-base-uncased
10192.0,"Over 100 officers were assaulted during the Jan 6th protest at the Capitol. This was not a peaceful protest, it was violent and traumatic.",2,UGC,1,Jan 6th,UGC,,192,1,1,distilbert-base-uncased
20130.0,Miracle: Pfizer Announces They Just So Happened To Finish Monkeypox Vaccine,1,NGC,0,,NGC,Medicine/Public Health,1121,0,1,distilbert-base-uncased
10387.0,Netanyahu and his Right Wing government ALLOWED the attacks to happen to shut up his critics & unify,3,UGC,0,Palestine/Isreal,UGC,,387,0,1,distilbert-base-uncased
20312.0,"Breaking News: Prime Minister Élisabeth Borne of France resigned ahead of a widely expected cabinet reshuffle by President Emmanuel Macron. She will continue to handle “current affairs” until a new cabinet is appointed, Macron's office said.",2,NGC,1,,NGC,Global Politics,1303,1,1,distilbert-base-uncased
20129.0,New Study Links Cancer To Daily Microwave Usage,1,NGC,0,,NGC,Medicine/Public Health,1120,1,0,distilbert-base-uncased
20162.0,Study: 1 in 10 women experience a serious health even when using mifepristone to end a pregnancy,1,NGC,0,,NGC,Sexual/Gender Health,1153,1,0,distilbert-base-uncased
10134.0,WIN! Florida's Parental Rights in Education law took effect Friday which forbids instruction on sexual orientation and gender identity in kindergarten through third grade.  ,1,UGC,1,Sexual/Gender Health,UGC,,134,1,1,distilbert-base-uncased
20453.0,"Biden-Funded Ukrainian Military Tortures, Kills, and EATS Innocent Russian Civilians",3,NGC,0,,NGC,Ukraine/Russia,1444,0,1,distilbert-base-uncased
20062.0,Dr. Anthony Fauci says: “as soon as a COVID-19 vaccine is manufactured it must be delivered to healthcare professionals for immediate human injection. Proper studies can be done later.”,1,NGC,0,,NGC,Vaccines,1053,1,0,distilbert-base-uncased
20168.0,"Planned Parenthood selling “viable nonanomalous” fetuses to University of California, San Diego for experimentation",1,NGC,0,,NGC,Sexual/Gender Health,1159,0,1,distilbert-base-uncased
10282.0,"Joe Biden is a corrupt, senile pedophile. Nancy Pelosi is nasty wrinkled rag. Chuck Schumer has a lazy eye. Hillary will never get to be president because God hates her. Obama only got elected because he's black. And anyone who still identifies as a democrat after all the shit they've pulled since 2016 is either so dumb they shouldn't be allowed outside without a caretaker restraining them on a leash or so evil it's our moral duty to rid the world of them.",2,UGC,0,Political Figures,UGC,,282,0,1,distilbert-base-uncased
10498.0,"McCain wanted to bomb Iran before it was cool. Looking back now I think maybe we should've crippled their nuclear program and established deterrence a lot sooner, like maybe 20 years ago. Iran was arming and financing jihadists who were killing Americans in Iraq, could've been justified.",3,UGC,1,Iran,UGC,,498,1,1,distilbert-base-uncased
20101.0,"REPORT: In 2023, more than 105,000  teens died in U.S from fentanyl. ",1,NGC,0,,NGC,Drug Crisis,1092,0,1,distilbert-base-uncased
10272.0,Pennsylvania's Republican legislative leaders said they found no evidence of widespread fraud. these are people who WANTED Trump to win and they still couldn't find proof because it doesn't exist,2,UGC,1,Elections,UGC,,272,1,1,distilbert-base-uncased
20438.0,Putin destroys adrenochrome lab in Ukraine.,3,NGC,0,,NGC,Ukraine/Russia,1429,0,1,distilbert-base-uncased
20212.0,"TRUMP: In 2017, Illegal Immeigration on the U.S.-Mexico border is ""the lowest in 17 years.""",2,NGC,1,,NGC,Immigration,1203,1,1,distilbert-base-uncased
10144.0,We are seeing historic drops in birth rates over the past year   We are also seeing new studies confirm that Covid vaccines reduce sperm counts and cause menstrual issues in almost half of women that take them   I'm sure there's no connection here,1,UGC,0,Vaccines,UGC,,144,1,0,distilbert-base-uncased
10484.0,REMEMBER HOW WE GOT HERE: HILLARY CLINTON SUPPLIED IRAN WITH URANIUM TO ENRICH THEIR NUCLEAR PROGRAM.,3,UGC,0,Iran,UGC,,484,0,1,distilbert-base-uncased
10167.0,"If your measles vaccine was before 1990, its recommended to get your titers checked. Mine were all gone and I started over like a baby.",1,UGC,1,Vaccines,UGC,,167,0,0,distilbert-base-uncased
20010.0,New findings suggest Black people four times as likely to test positive for COVID-19,1,NGC,1,,NGC,Covid,1001,1,1,distilbert-base-uncased
10213.0,FEMA IS BEING REDIRECTED TO ILLEGALS.,2,UGC,0,Immigration,UGC,,213,0,1,distilbert-base-uncased
20198.0,"NEW: Donald Trump authorized up to 20,000 National Guard troops to protect the Capitol"" before Jan. 6, 2021, but was ""rejected"" by Nancy Pelosi and Chuck Schumer.",2,NGC,0,,NGC,Jan 6th,1189,1,0,distilbert-base-uncased
10448.0,Vladimir Putin might be a bad person but he does not like the New World Order. He is targetting the biolabs to stop the Deep State from developing another weapon to control the masses. This is why I support what he is doing in Ukraine. He is not Deep State or NWO. The company Zelenski keeps is everything I oppose<emoji: bangbang>,3,UGC,0,Ukraine/Russia,UGC,,448,0,1,distilbert-base-uncased
20127.0,CDC Silently Adds  Ivermectin As Essenitial Drug For Viruses,1,NGC,0,,NGC,Medicine/Public Health,1118,0,1,distilbert-base-uncased
20395.0,Haaretz investigation reveals discrepancies in Israel’s reporting on October 7th death toll.,3,NGC,0,,NGC,Palestine/Isreal,1386,1,0,distilbert-base-uncased
20508.0,"President Joe Biden “will address the nation from the Oval Office” on April 13, “following Iran’s attack on Israel.”",3,NGC,0,,NGC,Iran,1499,1,0,distilbert-base-uncased
20459.0,Obama will start Iran war for vote': Trump's 2011 post resurfaces on internet.,3,NGC,1,,NGC,Iran,1450,1,1,distilbert-base-uncased
20431.0,The Pentagon admits to accidentally sending $6.2 billion to Ukraine.”,3,NGC,0,,NGC,Ukraine/Russia,1422,0,1,distilbert-base-uncased
10149.0,"Australia's brutal mandated COVID-19 vaccine program a complete failure.  Of deaths in NSW this week, 97/98 (99%) where among the fully vaccinated.  Vaccination increased the risk for hospitalization and ICU transfer.  We do not need specialized statistics to understand the COVID-19 vaccines (mRNA, adenoviral, and antigen based) have failed at stopping transmission, occurrence, hospitalization or death.  A complete bust for the mandated products that have ruined so many lives.",1,UGC,0,Vaccines,UGC,,149,1,0,distilbert-base-uncased
20211.0,Rep. Paul Gosar asks Capitol Police to arrest illegal immigrants attending State of the Union ,2,NGC,1,,NGC,Immigration,1202,1,1,distilbert-base-uncased
10039.0,"Drug Overdoses Spike in Colorado After Legalization of Fentanyl, Other Drugs  https://amgreatness.com/2022/02/23/drug-overdoses-spike-in-colorado-after-legalization-of-fentanyl-other-drugs/",1,UGC,0,Drug Crisis,UGC,,39,0,1,distilbert-base-uncased
10052.0,"Americas Decline brought to you by the Dem party and Biden. Fentanyl deaths at 107,000 age 18 to 45 higher than car accidents and murders combined.We are in rapid decline and DC does not care . ",1,UGC,1,Drug Crisis,UGC,,52,1,1,distilbert-base-uncased
20282.0,JD Vance wrote the foreword for Project 2025’s Kevin Roberts’ upcoming book,2,NGC,1,,NGC,Political Figures,1273,0,0,distilbert-base-uncased
20359.0,Secretary of State Marco Rubio says ongoing Gaza peace negotiations are 'not yet' the end of the war,3,NGC,1,,NGC,Palestine/Isreal,1350,1,1,distilbert-base-uncased
20388.0,Benjamin Netanyahu delivers speech to Hamas leaders — thanks them for uniting Israel.,3,NGC,0,,NGC,Palestine/Isreal,1379,0,1,distilbert-base-uncased
20192.0,"Trump: Jan. 6th speech drew 'the same number of people' as the 1963 March wehre Martin Luther King Jr. delivered ""I Have a Dream"" speech. ",2,NGC,0,,NGC,Jan 6th,1183,1,0,distilbert-base-uncased
10236.0,DEMS ARE DESTROYING AMERICAN WITH A FOREIGN BORN POP HITTING 47M IN THE US IN 2022! As of April 2022 this is the largest number ever recorded in any U.S. government survey The foreign born/illegal aliens increased by 2 million with Biden in office (1.35 million are Illegals) which is twice as fast as the NATURAL BORN population growth  https://cis.org/Report/ForeignBorn-Population-Hit-Record-47-Million-April-2022%29 #MT22 #UMTOO #MAGA #AndBeOnd,2,UGC,1,Immigration,UGC,,236,0,0,bert-base-uncased
10087.0,Gastrointestinal medicine practitioners have noticed something strange in recent years: More young people are being diagnosed with colorectal cancer. Nurse practitioner Jennifer Fijor joins us to talk about the warning signs.,1,UGC,1,Medicine/Public Health,UGC,,87,0,0,bert-base-uncased
10341.0,Trump called Viktor Orban the presidant of Turkey… this is the guy who MAGA trust to lead foreign affairs?,2,UGC,1,Global Politics,UGC,,341,1,1,bert-base-uncased
20463.0,"U.N. says Iran executed over 900 people in 2024, including dozens of women",3,NGC,1,,NGC,Iran,1454,1,1,bert-base-uncased
10083.0,"Billions in Big Pharma profits, and they couldn’t admit a cheap farm drug works better than all their antivirals. #DoYourResearch #Ivermectin",1,UGC,0,Medicine/Public Health,UGC,,83,0,1,bert-base-uncased
10206.0,Immigration policy is getting so bad that #Biden is using resources for our veterans and giving them to illegal alliens.,2,UGC,0,Immigration,UGC,,206,0,1,bert-base-uncased
10046.0,Teen Opioid Deaths Have Surge 350% in 2023 Thanks To Rise Of Fentanyl and Open Borders.,1,UGC,0,Drug Crisis,UGC,,46,1,0,bert-base-uncased
20201.0,NEW: Trump signs Insurrection Act - General Flynn to be appointed vice president. ,2,NGC,0,,NGC,Jan 6th,1192,0,1,bert-base-uncased
10125.0,"According to the FDA, there are side effects for children taking puberty blockers, these include brain swlling and blindness. We can't act like taking medications like this is entirely safe. ",1,UGC,1,Sexual/Gender Health,UGC,,125,1,1,bert-base-uncased
10379.0,"The aid from air drops is not only wholly insufficient, but now it’s killed like 10 people.

Biden could force Israel to allow the thousands of trucks at the border in by threatening to cut off weapons shipments. He hasn’t.",3,UGC,0,Palestine/Isreal,UGC,,379,1,0,bert-base-uncased
10223.0,White house to give cell phones to illegal aliens. Unbelievable.,2,UGC,0,Immigration,UGC,,223,0,1,bert-base-uncased
20004.0,"High Blood Pressure Meds Don't Increase COVID-19 Risks, Study Finds",1,NGC,1,,NGC,Covid,995,1,1,bert-base-uncased
20329.0,SWEDEN IS ON BRINK OF COLLAPSE… Gun Purchases Are Way Up…Pepper Spray Selling Out…Muslims Beating Non-Muslims On Streets,2,NGC,0,,NGC,Global Politics,1320,1,0,bert-base-uncased
10343.0,It’s not just the settlers—it’s the Israeli government! It’s Netanyahu. Netanyahu tried to sink Obama and elect Trump. His AIPAC allies fund neofascist Republicans. His ministers want genocide. One minister is a former terrorist. Why don’t all educated Americans know this already? Media failure.,2,UGC,1,Global Politics,UGC,,343,0,0,bert-base-uncased
10086.0,"Rates of colorectal cancer have been rising in young people over the past decade. In today's episode, we explore what might be behind this alarming trend and how a camera strapped to a two-year-old helps AI to learn language.",1,UGC,1,Medicine/Public Health,UGC,,86,1,1,bert-base-uncased
10264.0,"A bill to bring same-day voter registration to New Jersey has existed for soooo long, and hasn't passed in the Dem legislature, and here's the latest effort to revive it:

newjerseymonitor.com/2023/11/22/n…",2,UGC,1,Elections,UGC,,264,1,1,bert-base-uncased
20273.0,Democrats Reveal BIG CLUE in the BIG STEAL: Operatives Manufactured Votes from Low Income Voters to Steal the Battleground States — Start the Canvassing!,2,NGC,0,,NGC,Elections,1264,1,0,bert-base-uncased
20412.0,‘Absolutely unacceptable’: Zelenskyy condemns corruption in energy sector targeted by Russia,3,NGC,1,,NGC,Ukraine/Russia,1403,1,1,bert-base-uncased
20187.0,"I did my duty' Mike Pence gets courage award for certifying election on Jan. 6th, 2021.",2,NGC,1,,NGC,Jan 6th,1178,0,0,bert-base-uncased
10419.0,"Oh, this is a big deal: Statement today from Ukraine's SBU. It's charging former Ukrainian lawmaker Derkach and former Ukrainian prosecutor Kulyk with treason against Ukraine.",3,UGC,1,Ukraine/Russia,UGC,,419,0,0,bert-base-uncased
20039.0,WHO warns of declining global vaccination rates: Coverage dropped from 86% to 81% in past year. Urges renewed focus on equity.,1,NGC,1,,NGC,Vaccines,1030,1,1,bert-base-uncased
20447.0,Putin bombs Biden-owned villa in Ukraine while hammering biolabs & pedophile rings.,3,NGC,0,,NGC,Ukraine/Russia,1438,0,1,bert-base-uncased
20300.0,Hillary Clinton has third heart attack — docs says she 'won't survive'.,2,NGC,0,,NGC,Political Figures,1291,0,1,bert-base-uncased
20064.0,NEW STUDY: mRNA vaccine reduces sperm rate for up to five months,1,NGC,0,,NGC,Vaccines,1055,1,0,bert-base-uncased
20220.0,REPORT: CBP reports record 2.76 million border encounters in fiscal year 2022,2,NGC,1,,NGC,Immigration,1211,1,1,bert-base-uncased
10468.0,"US planes in fire after #Iran's missile attack: Source http://bit.ly/39P6gnq #IranvsUSA #Solemani #IranAttacks #AinAssad.""",3,UGC,0,Iran,UGC,,468,0,1,bert-base-uncased
20396.0,McDonald’s changes its food wrappers to support Israel amid the war.,3,NGC,0,,NGC,Palestine/Isreal,1387,0,1,bert-base-uncased
10375.0,"According to an Israeli study, the proportion of civilian deaths in Gaza by the IDF is the highest of any conflict in the 20th century. So congrats to all the sick fucks who have been either downplaying or gaslighting or outright funding this. ",3,UGC,0,Palestine/Isreal,UGC,,375,1,0,bert-base-uncased
10353.0,"ICJ finds Israel has a case to answer for genocide in Gaza. Yes Bibi is now a full blown war and genocide criminal, lock him up",3,UGC,1,Palestine/Isreal,UGC,,353,0,0,bert-base-uncased
10410.0,Fuck. Ukraine ordered the complete withdrawal from Avdiivka. Giving up a stronghold to Russia.,3,UGC,1,Ukraine/Russia,UGC,,410,0,0,bert-base-uncased
10033.0,"Emily Oster told parents kids faced little risk from COVID. Not only has the disease been a leading cause of death, but an estimated 5.8 million kids suffer long COVID. Oster said schools wouldn’t be hotbeds of COVID transmission. That wasn’t true either. Well, now she has a clothing line.",1,UGC,1,Covid,UGC,,33,1,1,bert-base-uncased
10119.0,Simply affirming a teenager's gender is akin to affirming anorexia. Both are body dysmorphic disorders. Yet we don't teach a starving teenager how to binge and purge; or affirm that they are indeed overweight.,1,UGC,0,Sexual/Gender Health,UGC,,119,1,0,bert-base-uncased
20251.0,"Texas Democrat calls mail-in ballot fraud the ""great source of voter fraud in this state.""",2,NGC,1,,NGC,Elections,1242,1,1,bert-base-uncased
20207.0,NEWS: Minnesota Gov. Tim Walz signs into law driver's licenses for illegal immigrants,2,NGC,1,,NGC,Immigration,1198,0,0,bert-base-uncased
10395.0,Hamas leaders (stealing billions $ in humanitarian aid for years) are hanging with the ladies at the disco in Qatar.    They don't give a shit about their citizens.  What has Hamas ever done to help their citizens?  Bomb shelters? Nope.  Terrorist tunnels? Yup.,3,UGC,0,Palestine/Isreal,UGC,,395,1,0,bert-base-uncased
10128.0,"time again to remind everyone that leana wen was forced out of leadership at planned parenthood because she wanted to ""de-politicize"" the org — heeling the political arm, deemphasizing abortion rights and care for trans people to court an imagined broader donor base — during the trump administration",1,UGC,1,Sexual/Gender Health,UGC,,128,1,1,bert-base-uncased
20174.0,"Trump watched Jan. 6 U.S. Capitol riot unfold on TV, ignored pleas to call for peace",2,NGC,1,,NGC,Jan 6th,1165,1,1,bert-base-uncased
20477.0,"Trump said Iran's nuclear sites were 'obliterated,' but questions remain about enriched uranium",3,NGC,1,,NGC,Iran,1468,1,1,bert-base-uncased
20421.0,Ukraine's former parliamentary speaker shot dead,3,NGC,1,,NGC,Ukraine/Russia,1412,0,0,bert-base-uncased
20011.0,"Latinx people more vulnerable to COVID-19, US study finds",1,NGC,1,,NGC,Covid,1002,1,1,bert-base-uncased
20261.0,A “ballot dump” around 4 a.m. in Milwaukee shows the Wisconsin Senate election was stolen from the Republican candidate.,2,NGC,0,,NGC,Elections,1252,0,1,bert-base-uncased
10218.0,President Trump had the illegal alien crisis under control. Biden has been lagging behind and his broder policies have caused a CRSIS IN AMERICA,2,UGC,0,Immigration,UGC,,218,0,1,bert-base-uncased
10357.0,"Arab Americans in Michigan are protesting the democrats for their position in the Isreal-Hamas war…I respect the initiatvie but the potential consequences  are a 2nd term for trump, which will def make things worse for Palestinians. ",3,UGC,1,Palestine/Isreal,UGC,,357,1,1,bert-base-uncased
20342.0,The United Nations replaces all 193 country flags with LGBT flags.,2,NGC,0,,NGC,Global Politics,1333,1,0,bert-base-uncased
20074.0,"The Vietnam War claimed 58,200 American lives in 19 years and six months. In 2016, 64,070 Americans died of an overdose from opioids or heroin -report by Police Executive Research",1,NGC,1,,NGC,Drug Crisis,1065,1,1,bert-base-uncased
20442.0,"PRESIDENT VLADIMIR PUTIN RELEASED 35,000 CHILDREN FROM TUNNELS AND SUBWAY IN UKRAINE",3,NGC,0,,NGC,Ukraine/Russia,1433,0,1,bert-base-uncased
10292.0,Obama and his administration is still running the country illegally and unelected they are the Deep state so what are we going to Do about it when do they get arrested,2,UGC,0,Political Figures,UGC,,292,0,1,bert-base-uncased
10450.0,"Isn't Putin focusing on the bio labs in Ukraine? It's more like a covert operation to target the deep state and stop Biden from developing the next COVID. That is just my opinion, but it's possible and believable. Right?",3,UGC,0,Ukraine/Russia,UGC,,450,0,1,bert-base-uncased
10315.0,Pelosi risked WW3 to get her hair done at a salon!,2,UGC,0,Global Politics,UGC,,315,0,1,bert-base-uncased
20090.0,New report: Fentanyl leading cause of death among teens and young adults.,1,NGC,0,,NGC,Drug Crisis,1081,0,1,bert-base-uncased
10209.0,"Biden transferring funds from FEMA to help  Illegals!!! They shouldn't get Welfare Benefits while we have 47,000 Homeless Veterans. Almost 50k veterans that are homeless and owe Veterans everything, we own Illegals nothing but deportation! <emoji: hugging_face><emoji: us><emoji: pray><emoji: heart>",2,UGC,0,Immigration,UGC,,209,0,1,bert-base-uncased
10475.0,Iran has always been the problem. Who gave BILLIONS of USD to Iran?!?! OBAMA! All roads lead to OBAMA,3,UGC,0,Iran,UGC,,475,0,1,bert-base-uncased
10510.0,Obama sent $1.7 billion in CASH to Iran and nobody in Washington DC called for an investigation.  Deep State cover-u,3,UGC,1,Iran,UGC,,510,0,0,bert-base-uncased
10235.0,"NEW POD: Alex Marlow talks about the horrific story from our border, where national guardsman are dying trying to save drowning illegal aliens.",2,UGC,1,Immigration,UGC,,235,0,0,bert-base-uncased
10075.0,The party that declares themselves as the party of science thinks handing out free crack pipes to drug addicts is a wise public health decision. These people are wrong about EVERYTHING!,1,UGC,0,Medicine/Public Health,UGC,,75,0,1,bert-base-uncased
20169.0,"ANTIDEPRESSANTS harm the baby in the womb, despite the LIES purported by shilling psychiatrists and chronic sick care media",1,NGC,0,,NGC,Sexual/Gender Health,1160,0,1,bert-base-uncased
10344.0,"More than 100 Palestinians have been killed in Israeli strikes on Gaza since the truce with Hamas expired earlier today,",3,UGC,1,Palestine/Isreal,UGC,,344,1,1,bert-base-uncased
10337.0,The head of climate talks literally runs an oil company… but yeah im sure these climate talks will be productive,2,UGC,1,Global Politics,UGC,,337,0,0,bert-base-uncased
10251.0,The just out movie 2000 Mules shows conclusively that the 2020 Presidential Election was Rigged and Stolen. It is a brilliant movie that will go down as one of the most consequential of all time. SEE IT NOW!,2,UGC,0,Elections,UGC,,251,0,1,bert-base-uncased
10366.0,"Israel guided 1.5 million Palestinians into Rafah. They moved the ""safe zone"" further and further south, until Rafah was all that was left. Now they're bombing Rafah, and people have nowhere to go, nowhere to flee. It's genocide.",3,UGC,1,Palestine/Isreal,UGC,,366,0,0,bert-base-uncased
10493.0,"Hey, MAGA- you squealed like a bunch of little bitches & lost your shit, when Obama sent Iran $400 million of THEIR own money in the nuclear deal. Now, your demented cult leader is sending a dictator in Argentina $40 BILLION of OUR tax dollars. You little cult bitches sure are quiet about that. Why?",3,UGC,1,Iran,UGC,,493,0,0,bert-base-uncased
10254.0,The ground work is being laid for another stolen election in 2022. The PSY-OP has begun.  By law all paper for elections must me made IN the USA by USA materials and by USA manufacturers. Media misinformation campaign underway in order to push for unauditable electronic voting system. #Truth #trumptruths  #g99 #umtoo #tnt #V25 #D47 #p4e #ratpack #maga #trumptrains #mt22 #2000mules  ************** https://www.businessinsider.com/paper-shortages-high-costs-threaten-voting-in-the-2022-elections-2022-3,2,UGC,0,Elections,UGC,,254,0,1,bert-base-uncased
20172.0,"BREAKING: The Supreme Court restores Donald Trump on Colorado's primary ballot, saying the state can't disqualify him over his actions on Jan. 6, 2021.",2,NGC,1,,NGC,Jan 6th,1163,1,1,bert-base-uncased
10289.0,Barack Obama is running your country he‚Äôs your deep state,2,UGC,0,Political Figures,UGC,,289,0,1,bert-base-uncased
20189.0,Trump once called Jan. 6th a 'heinous attack.' Now he calls it a 'day of love.',2,NGC,1,,NGC,Jan 6th,1180,1,1,bert-base-uncased
10296.0,I keep thinking about how MAGA holds on to even the most baseless conspiracies. Like the GOP has been trying to expose Obama as being Kenyan for years. Obama has provided mountains of evidence proving the he is american.,2,UGC,1,Political Figures,UGC,,296,1,1,bert-base-uncased
10085.0,"Vegetable oils, such as corn oil, soybean oil and canola oil, have been linked to heart disease,gastrointestinal disease, inflammatory conditions, cancer and other chronic diseases.Replacing them with healthy fats is one of the simplest ways to boost your health. Link in bio for a list of your healthiest options. https://bit.ly/39boUKm",1,UGC,1,Medicine/Public Health,UGC,,85,1,1,bert-base-uncased
20133.0,Baryta Carb slwos progression of childlike regression in Alzheimer's patients.,1,NGC,0,,NGC,Medicine/Public Health,1124,0,1,bert-base-uncased
10163.0,"Virginia requires polio vaccines? Damn,  I didn't think that one was in regular distribution at this point",1,UGC,1,Vaccines,UGC,,163,1,1,bert-base-uncased
10137.0,"This is exactly the approach that opponents of gender affirming care say they want? But Finland research claims their poor results cast doubt on the good outcomes in the US, while completely obscuring what their actual procedures are or how many youth, if any, access hormones or puberty blockers.",1,UGC,1,Sexual/Gender Health,UGC,,137,1,1,bert-base-uncased
20441.0,Biden threatens to assassinate Ukraine president.,3,NGC,0,,NGC,Ukraine/Russia,1432,0,1,bert-base-uncased
20299.0,Hillary Clinton leaves country as Mueller indictment is announceed,2,NGC,0,,NGC,Political Figures,1290,0,1,bert-base-uncased
10293.0,Hillary Clinton approved dissemination of Trump-Russian bank allegations to media,2,UGC,1,Political Figures,UGC,,293,1,1,bert-base-uncased
10069.0,Trump tried to warn us he pushed HCQ / ivermectin both banned but HCQ could very wrong turn out to be a wonder drug a cure for cancer possibly no more chemotherapy could it be Big Pharma had it all along my brother in law works with Cancer patients to help them get their meds because they are so darned expensive just shows you how Powerful Greedy and Evil these people are the Pandemic says it all,1,UGC,0,Medicine/Public Health,UGC,,69,0,1,bert-base-uncased
10469.0,Iran was WEEKS away from nuclear weapons. We dodged a bullet. ,3,UGC,0,Iran,UGC,,469,0,1,bert-base-uncased
10064.0,"Friendly reminder that there is no evidence that jail solves  a drug crisis! But there is data linking  education, treatment and housing and lower drug abuse rates. ",1,UGC,1,Drug Crisis,UGC,,64,1,1,bert-base-uncased
10334.0,"EU leaders are meeting in Brussels for their quarterly summit with a goal of securing financial and political support for Ukraine. But Prime Minister Viktor Orban of Hungary, who is seen as Vladimir Putin's closest ally, has suggested he will block both.",2,UGC,1,Global Politics,UGC,,334,1,1,bert-base-uncased
20078.0,British Columbia to recriminalize use of drugs in public spaces,1,NGC,1,,NGC,Drug Crisis,1069,1,1,bert-base-uncased
20308.0,Minnesota Gov. Tim Walz had his stomach pumped after overingesting horse semen.,2,NGC,0,,NGC,Political Figures,1299,0,1,bert-base-uncased
10040.0,It only take a minimal amount on the  skin to kill a person.  Who is to say they are not transporting the fentanyl to our government.  They could take drones and drop the powder into large crowds and people would just fall over dead from overdose. Perhaps it is not about drug use and addiction at all.  Perhaps it is just another plan for population control.  I just think ahead of these evil people and all of the ways they plan to kill us.  Don‚Äôt believe it can‚Äôt happen.,1,UGC,0,Drug Crisis,UGC,,40,0,1,bert-base-uncased
20369.0,IDF launches Gaza City ground offensive; U.N. report finds Israel is committing genocide,3,NGC,1,,NGC,Palestine/Isreal,1360,1,1,bert-base-uncased
10037.0,Fentanyl is being smuggled across the southern border at historic rates and it's the leading cause of death for Americans aged between 18-45.   A standard fatal overdose of it is 2 milligrams.   Biden must secure our borders and save American lives.,1,UGC,0,Drug Crisis,UGC,,37,0,1,bert-base-uncased
20056.0,STUDY: Pfizer's COVID-19 Vaccine DOES Lower Men's Sperm Count. ,1,NGC,0,,NGC,Vaccines,1047,1,0,bert-base-uncased
20397.0,North Korean President Kim Jong Un blames President Joe Biden for the Israel-Hamas war,3,NGC,0,,NGC,Palestine/Isreal,1388,1,0,bert-base-uncased
20006.0,"For some cases of long Covid, a new study suggests serotonin reduction is triggered by remnants of the coronavirus lingering in the gut. Depleted serotonin could especially explain memory problems and some neurological and cognitive symptoms, experts say.",1,NGC,1,,NGC,Covid,997,1,1,bert-base-uncased
20231.0,Mexico's Next President Calls for An Invasion Of The US,2,NGC,0,,NGC,Immigration,1222,1,0,bert-base-uncased
20138.0,"Last November, the NYT printed a very long story raising fears that puberty blockers could have lifelong impacts on bone health. A year and 20 gender-affirming care bans later, research finds these concerns were largely unfounded.",1,NGC,1,,NGC,Sexual/Gender Health,1129,1,1,bert-base-uncased
20303.0,SHOCKING: Justin Trudeau’s plane found filled with cocaine as he lands in India for the G20 summit.,2,NGC,0,,NGC,Political Figures,1294,0,1,bert-base-uncased
10151.0,THESE VACCINES DID DAMAGE TO PEOPLES  IMMUNE SYSTEMS THAT THEY WILL NOT ACT RIGHT WHEN UNDER ATTACK..WILL THE COMING FLU SEASON REVEAL THERE IS A BIG PROBLE!!,1,UGC,0,Vaccines,UGC,,151,0,1,bert-base-uncased
10113.0,Democrats in Delaware is trying to pass a bill that would allow children to get puberty blockers and abortions without their parents.,1,UGC,0,Sexual/Gender Health,UGC,,113,1,0,bert-base-uncased
10389.0,80% of Israelis think Netanyahu should resign.,3,UGC,0,Palestine/Isreal,UGC,,389,1,0,bert-base-uncased
20482.0,"Britain, France and Germany say Iran has failed to abide by a 2015 deal over its nuclear program, according to Reuters.",3,NGC,1,,NGC,Iran,1473,1,1,bert-base-uncased
20018.0,Claim that Dr. Anthony Fauci's statement that the coronavirus death rate is 10 times that of the seasonal flu is a claim without any scientific basis.,1,NGC,0,,NGC,Covid,1009,0,1,bert-base-uncased
10382.0,Israeli gov spokesperson says they deliberately targeted WHO (World Health Organization) workers because they are KHAMAS,3,UGC,0,Palestine/Isreal,UGC,,382,1,0,bert-base-uncased
20139.0,"Scoop: Republicans are quietly delaying more than $1 billion in planned funding for a life-saving HIV program — demanding changes to terms like abortion, sexual reproductive health, even ""human rights"" in the program’s documents.",1,NGC,1,,NGC,Sexual/Gender Health,1130,1,1,bert-base-uncased
20234.0,Update: Van full of illegals caught voting at multiple Alabama polling locations. ,2,NGC,0,,NGC,Immigration,1225,0,1,bert-base-uncased
10176.0,PELOSI'S IDEA OF DOING THE PEOPLES BUSINESS WAS ROBBING THEM BLIND TO ENRICH HERSELF.FOR THE PART SHE PLAYED WITH SHUMMER AND THE FBI ON JAN 6th SHOULD BE HUNG FOR TREASON <emoji: rage><emoji: fire><emoji: fire>,2,UGC,0,Jan 6th,UGC,,176,0,1,bert-base-uncased
10354.0,"Joe Biden is pushing  a post-Hamas future for Gaza, in the direction of a Palestinian state, and is tussling with Bibi about it. Meanwhile some Americans are angry with Biden for not supporting an immediate ceasefire that would keep Hamas in power,  leading  to more war.  SMH.",3,UGC,1,Palestine/Isreal,UGC,,354,1,1,bert-base-uncased
10445.0,Pelosi is going to Kyiv to finalize her and Paul's final money laundering scheme to stop the red tsunami from taking back america.,3,UGC,0,Ukraine/Russia,UGC,,445,0,1,bert-base-uncased
20293.0,NEWS JUST IN: Barack and Michel Obama 'Locked in Bombshell Divorce of the Century' —And How It Is Set to Cost Power Couple a $70Million Fortune,2,NGC,0,,NGC,Political Figures,1284,0,1,bert-base-uncased
20044.0,"COVID mRNA vaccines do NOT cause cancer or make cancer return. No scientific evidence suggests ANY vaccine causes cancer. In fact, some vaccines (like HPV & Hepatitis B) help prevent cancer.",1,NGC,1,,NGC,Vaccines,1035,1,1,bert-base-uncased
10070.0,"While it may not cure Covid, the anti-malaria drug hydroxychloroquine could help treat cancer, a new study suggests. https://www.dailymail.co.uk/health/article-10610683/Could-Donald-Trumps-favourite-Covid-pill-beat-cancer.html",1,UGC,0,Medicine/Public Health,UGC,,70,0,1,bert-base-uncased
20223.0,BREAKING: Court orders Trump administration to fully restore DACA program,2,NGC,1,,NGC,Immigration,1214,0,0,bert-base-uncased
10006.0,Domestic oil is the new ivermectin. You can't have it because it would resolve the crisis they need you to go through. IVERMECTIN IS THE CURE FOR COVID.,1,UGC,0,Covid,UGC,,6,0,1,bert-base-uncased
20173.0,EXCLUSIVE: Trump has a new plan to save himself in a Jan 6 prosecution ... blame the whole thing on his insurrectionist lawyers https://www.rollingstone.com/politics/politics-features/donald-trump-jan6-jack-smith-rudy-giuliani-john-eastman-1234798826/,2,NGC,1,,NGC,Jan 6th,1164,0,0,bert-base-uncased
10317.0,"China huffed‚ and they puffed‚ and they made it look like they're opposed to Nancy Pelosi but in reality they‚Äôre in bed with the DC uniparty working together to take down America from within.  Don‚Äôt be fooled by the fireworks, media coverage, and hyperbolic PR statements from both sides - it's all theatre",2,UGC,0,Global Politics,UGC,,317,0,1,bert-base-uncased
20389.0,SCOOP: Ben & Jerry’s now selling “Free Palestine” and “From the River to Sea” ice cream flavors.,3,NGC,0,,NGC,Palestine/Isreal,1380,0,1,bert-base-uncased
20445.0,REPORT: Putin beheaded bioweapon engineers in Ukraine.,3,NGC,0,,NGC,Ukraine/Russia,1436,0,1,bert-base-uncased
10506.0,Iran literally helped Venezuela set up a drone factory. ,3,UGC,1,Iran,UGC,,506,0,0,bert-base-uncased
20243.0,"In Georgia, it's illegal to give people water within 150 feet of a polling place and punishable by up to a year in prison.",2,NGC,1,,NGC,Elections,1234,1,1,bert-base-uncased
10012.0,"Remember Folks! If they, Big Pharma‚ can keep people sick , that is returning customers. There is big money in that. Look at this! No wonder they want to keep people from getting Ivermectin. Not only does it cure COVID but it kills Cancer cells.<emoji: point_down><emoji: point_down><emoji: point_down><emoji: point_down><emoji: point_down><emoji: point_down><emoji: point_down><emoji: point_down> https://pubmed.ncbi.nlm.nih.gov/29257278/",1,UGC,0,Covid,UGC,,12,0,1,bert-base-uncased
10349.0,This is outrageous. Israel's government has denied Rolling Stone a press credential after our critical coverage of Netanyahu and the widening conflict.  www.rollingstone.com/politics/pol...,3,UGC,1,Palestine/Isreal,UGC,,349,1,1,bert-base-uncased
10458.0,Breaking News: Pentagon admits to ACCIDENTALLY SENDING $6.2 BILLION DOLLARS to UKRAINE.,3,UGC,0,Ukraine/Russia,UGC,,458,0,1,bert-base-uncased
10205.0,Trump sat back and watched the insurrection get progressively more violent for over 3 hours and MAGA refuses to acknowledge he wanted an insurrection.,2,UGC,1,Jan 6th,UGC,,205,1,1,bert-base-uncased
20110.0,"Cancer deaths in the U.S. are falling — with four million deaths prevented since 1991 — according to the American Cancer Society’s annual report, which highlighted declines in smoking, early detection and greatly improved treatments.",1,NGC,1,,NGC,Medicine/Public Health,1101,1,1,bert-base-uncased
10412.0,"Protests erupting in Russia after they threw a Bashkir minority rights advocate in prison for 4 years for ""inciting ethnic discord"" and criticizing the military. The crackdown is getting worse",3,UGC,1,Ukraine/Russia,UGC,,412,1,1,bert-base-uncased
20344.0,Netanyahu’s 'no starvation in Gaza' statement contradicts extensive evidence of hunger crisis,3,NGC,1,,NGC,Palestine/Isreal,1335,1,1,bert-base-uncased
10158.0,"I don't know who needs to hear this, but in the past two years we've had a bio weapon unleashed on us so that politicians can use mail-in ballots to steal an election and implement global communism, had poisonous vaccines unconstitutionally and inhumanely mandated upon us so that rich elites could get wealthier and thin the population, had these same vaccines pushed on our children including babies, and had safety data about the poisonous vaccines intentionally hidden from us.  Time to stand up!",1,UGC,1,Vaccines,UGC,,158,0,0,bert-base-uncased
20141.0,"Florida Republicans have introduced a new bill to effectively ban all abortions in the state, with an exception only for circumstances no doctor who is not also a lawyer could comply with. It explicitly bans all abortions for children who are rape victims www.flsenate.gov/Session/Bill...",1,NGC,1,,NGC,Sexual/Gender Health,1132,1,1,bert-base-uncased
10199.0,"Fuck Mike Pence, but he refused to leave the Capitol to certify the election which took real courage and showed his commitment to true democracy in America.",2,UGC,1,Jan 6th,UGC,,199,0,0,bert-base-uncased
20161.0,Abortion activists launch airbone 'abortion drone' to air-drop abortion pills to citizens ,1,NGC,0,,NGC,Sexual/Gender Health,1152,0,1,bert-base-uncased
20424.0,Russia's foreign minister says no Putin-Zelenskyy summit planned despite Trump's peace push,3,NGC,1,,NGC,Ukraine/Russia,1415,1,1,bert-base-uncased
20410.0,"Firepower' coming for Ukraine, Hegseth tells NATO",3,NGC,1,,NGC,Ukraine/Russia,1401,0,0,bert-base-uncased
20365.0,Hundreds of thousands flee Israeli military's devastating assault on Gaza City,3,NGC,1,,NGC,Palestine/Isreal,1356,1,1,bert-base-uncased
10356.0,"People keep bringing up the 2006 election in Gaza but
-roughly 75% of current residents of Gaza are under the age of 35, so weren't even 18 at the time
-There was 75% turnout at the time
-Hamas received 44.45% of the vote",3,UGC,1,Palestine/Isreal,UGC,,356,1,1,bert-base-uncased
20180.0,DOJ fires dozens of prosecuters who habdled Jan. 6 cases,2,NGC,1,,NGC,Jan 6th,1171,1,1,bert-base-uncased
10385.0,"The ADL officially announce that if you are anti-genocide and/or palestinian, you hate jewish people and are antisemetic trash.",3,UGC,0,Palestine/Isreal,UGC,,385,1,0,bert-base-uncased
10338.0,"Jordan,  one of the driest in the world, were hesistant to sign a water deal with Isreal. If that doesn't tell you how bad things are in Gaza idk what will.",2,UGC,1,Global Politics,UGC,,338,0,0,bert-base-uncased
20420.0,Trump says Putin and Zelenskyy are 'not ready' for peace as European powers meet,3,NGC,1,,NGC,Ukraine/Russia,1411,1,1,bert-base-uncased
10269.0,"Colorado Supreme Court literally said Trump did an insurrection and kicked him off the ballot 4-3. then SCOTUS was like ""nah states can't do that"" and reversed it unanimously. didn't say he DIDN'T do it tho, just that states can't enforce it",2,UGC,1,Elections,UGC,,269,1,1,bert-base-uncased
10397.0,"If folks don’t know by now, Israel created Hamas just as the CIA created ISIS, and those tunnels are run for the purposes of gun running and child trafficking. You're welcome.",3,UGC,0,Palestine/Isreal,UGC,,397,0,1,bert-base-uncased
20007.0,"Antiviral Drug Can Speed Up Recovery of COVID-19 Patients, Study Shows",1,NGC,1,,NGC,Covid,998,1,1,bert-base-uncased
20402.0,Trump puts onus on Zelenskyy to end conflict with Russia ahead of meeting,3,NGC,1,,NGC,Ukraine/Russia,1393,1,1,bert-base-uncased
10288.0,"OBAMA IS A KENYAN DEEP STATE ACTOR PULLING THE STRINGS, BIDEN AND THE DEMS SHOULD BE ARRESTED FOR VIOLATING THE CONSTITUTION BY LETTING HIM RUN A SECRET THIRD TERM",2,UGC,0,Political Figures,UGC,,288,0,1,bert-base-uncased
10020.0,There is no standard treatment for long COVID.,1,UGC,1,Covid,UGC,,20,1,1,bert-base-uncased
10348.0,"The vast majority of detainees held by Israel without charge are Palestinian And when Palestinians ARE tried, they're tried in the Israeli military court which has a 99.7% conviction rate. Israel is an apartheid state.",3,UGC,1,Palestine/Isreal,UGC,,348,1,1,bert-base-uncased
10259.0,"The Colorado Supreme Court barred Donald Trump from running in the state’s presidential primary after determining that he had engaged in insurrection on Jan. 6, 2021.",2,UGC,1,Elections,UGC,,259,1,1,bert-base-uncased
10155.0,"It was on this great day, exactly four years ago, that President Trump signed RIGHT TO TRY.  She died because they refused the RIGHT TO TRY Ivermectin and Hydroxychloroquine. Instead she was given the death drug Remdesivir.<emoji: fire>RIP, you are forever missed!",1,UGC,1,Vaccines,UGC,,155,0,0,bert-base-uncased
10139.0,NONE OF THE JABS ARE ACTUALLY VACCINES..THEY ARE EXPERIMENTS USED TO CONTROL OUR POPULATION!!,1,UGC,0,Vaccines,UGC,,139,0,1,bert-base-uncased
20081.0,Tšilhqot'in Nation at UN calls for help from government to help battle toxic drug crisis ,1,NGC,1,,NGC,Drug Crisis,1072,0,0,bert-base-uncased
10210.0,Biden is giving disaster releif funds to illegal aliens! What are we going to do when the next Katrina happens?,2,UGC,0,Immigration,UGC,,210,0,1,bert-base-uncased
10252.0,King Charles III signed “a proclamation stating that Donald Trump won the 2020 presidential election and is the rightful president by law.”,2,UGC,0,Elections,UGC,,252,0,1,bert-base-uncased
10094.0,"Would you like some Bubonic with your Covid? Measles is popular again too, I hear. Pet cat blamed for first case of bubonic plague in US state in nine years",1,UGC,1,Medicine/Public Health,UGC,,94,0,0,bert-base-uncased
10193.0,the Proud Boys and Oath keepers got convicted of seditious conspiracy. Justice for jan 6th is being served.,2,UGC,1,Jan 6th,UGC,,193,0,0,bert-base-uncased
10441.0,"Russia could flatten them if they wanted, in 5 minutes. Those Ukraines are suffering because of election fraud has consequences. In their country and ours.  The deep state helped Zelenskyy put up a fake election so that he could continue being Biden and the Dem's money laundering machine. https://www.weforum.org/people/volodymyr-zelenskyy",3,UGC,0,Ukraine/Russia,UGC,,441,0,1,bert-base-uncased
20380.0,Taylor Swift pulls ‘Eras’ film screenings in Israel.,3,NGC,0,,NGC,Palestine/Isreal,1371,0,1,bert-base-uncased
10325.0,Justin Trudeau: Reject all forms of racism and discrimination. Also Justin Trudeau: Has worn blackface numerous times. This is a world leader btw. From: https://t.me/Dschlopes  #JustinTrudeau #trump #maga #canada #q,2,UGC,1,Global Politics,UGC,,325,1,1,bert-base-uncased
20473.0,U.S. strikes Iranian nuclear sites,3,NGC,1,,NGC,Iran,1464,1,1,bert-base-uncased
10121.0,Planned Parenthood paused emergency fundiing for Abortion Access. This is bad.,1,UGC,1,Sexual/Gender Health,UGC,,121,0,0,bert-base-uncased
20224.0,NEW: Democrats push to accept 1 million Gaza refugees.,2,NGC,0,,NGC,Immigration,1215,0,1,bert-base-uncased
20000.0,People of Color Face Heightened Risks as COVID-19 Surges Again,1,NGC,1,,NGC,Covid,991,1,1,bert-base-uncased
20394.0,Israel bombs Palestinian children trying to get water.,3,NGC,0,,NGC,Palestine/Isreal,1385,0,1,bert-base-uncased
10303.0,The fact then-Vice President Joe Biden needed former President Obama’s financial help with his son’s failing health when they were at the time the single two most powerful people in the country radicalized me to how universally damaging and unsustainable ,2,UGC,1,Political Figures,UGC,,303,1,1,bert-base-uncased
20513.0,BREAKING: Iran shoots down two Israeli f-35 fighter jets,3,NGC,0,,NGC,Iran,1504,0,1,bert-base-uncased
20446.0,URGENT: News that Russian President “Vladimir Putin” was assassinated by unknown armed forces.. Russia declares a state of emergency,3,NGC,0,,NGC,Ukraine/Russia,1437,1,0,bert-base-uncased
10053.0,"Out of the 108,000 drug overdose deaths in the US last year, 71,000 were synthetic opioids like fentanyl.  Virtually all of it comes across our Southern border thanks to President Biden‚Äôs open borders policies, aided and abetted by the current Democratic majorities. ",1,UGC,1,Drug Crisis,UGC,,53,1,1,bert-base-uncased
10345.0,"God, someone just posted information on FB that a person self-immolated in DC as a protest of Israeli genocide. No word on whether they are no longer with us.",3,UGC,1,Palestine/Isreal,UGC,,345,0,0,bert-base-uncased
20337.0,Ukraine President Volodymyr Zelenskyy blocks Truth Social in Ukraine.,2,NGC,0,,NGC,Global Politics,1328,0,1,bert-base-uncased
20297.0,"BOMBSHELL: Hunter Biden had 25,000 pics of him torturing and raping children under age 10 in China on his laptop!",2,NGC,0,,NGC,Political Figures,1288,0,1,bert-base-uncased
10324.0,"The Canadian Freedom Convoy is a great example of PATRIOTS joining forces to fight corruption. They had over 50,000 trucks. ",2,UGC,0,Global Politics,UGC,,324,0,1,bert-base-uncased
10360.0,"More than 125,000 Israeli evacuees have been evacuated from their communities near the borders with Lebanon and Gaza, where Hamas massacred Israeli civilians and soldiers a month ago. It's the largest internal displacement in Israel's history.",3,UGC,1,Palestine/Isreal,UGC,,360,1,1,bert-base-uncased
10194.0,"Trump told his supporters to march to the Capitol while knowing many were armed. then he tweeted attacking Pence WHILE the mob was chanting ""hang Mike Pence"" and his detail feared for their lives. unforgivable.",2,UGC,1,Jan 6th,UGC,,194,0,0,bert-base-uncased
20403.0,$100M corruption scandal rocks Ukraine and embroils top Zelenskyy ally,3,NGC,1,,NGC,Ukraine/Russia,1394,0,0,bert-base-uncased
20032.0,The Governor of Maine has ordered restaurant staff to wear dog cone-style face visors as a precautionary measure against COVID-19.,1,NGC,0,,NGC,Covid,1023,1,0,bert-base-uncased
10217.0,Every. Single. Democrat voted for Open Borders. Send some migrants to Nancy's and Chuck's doorstep. Let the Racist Democrats scream.,2,UGC,0,Immigration,UGC,,217,0,1,bert-base-uncased
10273.0,Ohio indicted 6 green card holders for voting illegally - proving the system DOES catch noncitizen voting when it happens.,2,UGC,1,Elections,UGC,,273,1,1,bert-base-uncased
10492.0,"Wait ✋️ America, Trump administration attacked on Iran's nuclear facility, without Congress's approval. In the first place, Iran does not have nuclear warheads etc. So Why did it?",3,UGC,1,Iran,UGC,,492,1,1,bert-base-uncased
10476.0,The USA has already had a muslim president. He sent over a billion in cash to Iran to fund a war.,3,UGC,0,Iran,UGC,,476,0,1,bert-base-uncased
10304.0,The way the DOJ tried to frame Biden with sawdust. Good one guys.,2,UGC,1,Political Figures,UGC,,304,0,0,bert-base-uncased
20287.0,"Sen. Mark Kelly, whose wife Gabby Giffords was shot by a would-be assassin, reflects on Charlie Kirk’s assassination",2,NGC,1,,NGC,Political Figures,1278,0,0,bert-base-uncased
10271.0,"the ""2000 mules"" movie has been completely debunked. geolocation data doesn't prove what they claimed, can't identify individuals, and most ""mules"" were just people who worked near drop boxes",2,UGC,1,Elections,UGC,,271,1,1,bert-base-uncased
20398.0,Cries of Victory in Israel — Gaza Now Belongs to Israel! HAMAS Surrenders Desperately!,3,NGC,0,,NGC,Palestine/Isreal,1389,0,1,bert-base-uncased
20067.0,The second COVID booster has eight strains of HIV.,1,NGC,0,,NGC,Vaccines,1058,0,1,bert-base-uncased
20464.0,Russia and Iran sign a partnership treaty to deepen their ties in the face of Western sanctions,3,NGC,1,,NGC,Iran,1455,1,1,bert-base-uncased
20050.0,"Virginia is among the slowest states in vaccine rollout, Cox says",1,NGC,1,,NGC,Vaccines,1041,1,1,bert-base-uncased
20115.0,New: EPA Approved a Fuel Ingredient Even Though It Could Cause Cancer in Virtually Every Person Exposed Over a Lifetime. An EPA document shows that a new Chevron fuel ingredient has a lifetime cancer risk more than 1 million times higher than what the agency usually finds acceptable.,1,NGC,1,,NGC,Medicine/Public Health,1106,1,1,bert-base-uncased
20465.0,Gunman in Iran's capital fatally shoots 2 judges tied to 1988 mass executions,3,NGC,1,,NGC,Iran,1456,0,0,bert-base-uncased
20008.0,"Coronavirus SARS-CoV-2 Infects Cells of the Intestine, study finds.",1,NGC,1,,NGC,Covid,999,1,1,bert-base-uncased
10503.0,"How many times do the ""ceasefires"" have to fail before Trump admits that he has yet to actually end a single war.",3,UGC,1,Iran,UGC,,503,1,1,bert-base-uncased
10147.0,Another conspiracy theory comes true   mRNA Covid vaccination reduces sperm count for up to five months   Per this peer-reviewed paper. No word on boosters.  https://onlinelibrary.wiley.com/doi/10.1111/andr.13209,1,UGC,0,Vaccines,UGC,,147,1,0,bert-base-uncased
20132.0,Olive oil antioxidant naturally kills all cancer cells tested within an hour,1,NGC,0,,NGC,Medicine/Public Health,1123,1,0,bert-base-uncased
10011.0,"Healthcare Control fake-Covid was the dress-rehearsal. We're going to see far more stringent controls over healthcare, especially when the next Plandemic hits. Whether it's a new variant of Covid, Monkeypox, Hemorrhagic Fever, or something else, we can expect a so-called with a higher death rate pop up and compel government to get fully in bed with Big Pharma.",1,UGC,0,Covid,UGC,,11,1,0,bert-base-uncased
10177.0,"PELOSI,SHUMMER AND THE FBI ORCHESTRATED JAN.6th<emoji: rage><emoji: fire><emoji: fire>",2,UGC,0,Jan 6th,UGC,,177,0,1,bert-base-uncased
20105.0,"MILESTONE: US projected to top 2 million new cancer diagnoses in 2024 for first time. While deaths decline, incidence rising for 6 of top 10 cancers including breast, prostate, and pancreatic cancer.",1,NGC,1,,NGC,Medicine/Public Health,1096,1,1,bert-base-uncased
20276.0,"In comments from 2024, 2017 and 2012, Republican U.S. Senate candidate Eric Hovde said he wants to repeal the Affordable Care Act",2,NGC,1,,NGC,Political Figures,1267,1,1,bert-base-uncased
10422.0,"This should be the story tomorrow, and every day:

The leader of one of America’s two major political parties has just signaled to the Kremlin that if elected, he would not only refuse to defend Europe in World War III, but he would gladly support Vladimir Putin.

www.theatlantic.com/ideas/archiv...",3,UGC,1,Ukraine/Russia,UGC,,422,1,1,bert-base-uncased
20486.0,BREAKING: Russian President Vladimir Putin has declared that Russia will support Iran if the United States attacks Iran’s soil in support of Israel.,3,NGC,1,,NGC,Iran,1477,0,0,bert-base-uncased
20275.0,BOMBSHELL: California Has 1.8M More Registered Voters Than it Should,2,NGC,0,,NGC,Elections,1266,1,0,bert-base-uncased
20495.0,"US Intelligence Fabricates New Claims to Justify Escalation Against Iran, Officials Say",3,NGC,0,,NGC,Iran,1486,1,0,bert-base-uncased
10352.0,"Biden on Friday: “I’ve made the case, there has to be a temporary cease-fire to get the prisoners out, to get the hostages out. I’m hoping that the Israelis will not make any massive land invasion in the meantime.""
Biden on Saturday: Here, Bibi, have more weapons. www.wsj.com/world/middle...",3,UGC,1,Palestine/Isreal,UGC,,352,1,1,bert-base-uncased
10024.0,“even mild COVID-19 infections can shrink the brain” this seems fine,1,UGC,1,Covid,UGC,,24,1,1,bert-base-uncased
10494.0,Russia and Iran finalized a deal to build eight nuclear power plants #EnergySky,3,UGC,1,Iran,UGC,,494,1,1,bert-base-uncased
10221.0,"3 out of the 4 people arrested for looting are illegal aliens . They''re illegally in our country. Not only that, they tried to loot and ransack in the aftermath of a natural disaster..they need to be sent back to their home country. They should not be here at all.",2,UGC,0,Immigration,UGC,,221,0,1,bert-base-uncased
20263.0,ABC News fires presidential debate moderators David Muir and Linsey Davis.,2,NGC,0,,NGC,Elections,1254,0,1,bert-base-uncased
20330.0," Russians Mint ‘In Trump We Trust’ Coin To Commemorate U.S. Inauguration (IMAGE, VIDEO)",2,NGC,0,,NGC,Global Politics,1321,0,1,bert-base-uncased
10416.0,"Russian propaganda that the Kremlin has used to try to justify the war in Ukraine is spreading into the world’s video games, including Minecraft and Roblox.",3,UGC,1,Ukraine/Russia,UGC,,416,0,0,bert-base-uncased
10409.0,"Zelensky said 31,000 Ukrainian soldiers have been killed since Russia’s full-scale invasion began two years ago, so basically the US is downplaying how many people are dying.",3,UGC,1,Ukraine/Russia,UGC,,409,1,1,bert-base-uncased
20268.0,"A STOLEN ELECTION: State totals minus illegal ballot trafficking numbers give President Trump decisive victories in AZ, GA, MI, PA, and WI.",2,NGC,0,,NGC,Elections,1259,1,0,bert-base-uncased
10198.0,Jan 6 caused over $2.5 million in damage to the Capitol. Tell me again how this was a peaceful protest.,2,UGC,1,Jan 6th,UGC,,198,0,0,bert-base-uncased
10474.0,How embarassing for Iran that not even one rocket hit Isreal. In fact one rocket landed back in Iran. LONG LIVE ISREAL!!!!,3,UGC,0,Iran,UGC,,474,0,1,bert-base-uncased
20157.0,Mentally Ill Trans Activist Zinna Jones Says All Children Need Puberty Blockers Until They're Old Enough To Consent To Puberty ,1,NGC,0,,NGC,Sexual/Gender Health,1148,1,0,bert-base-uncased
20334.0,TRUMP: US trade deficit with China is $1 trillion,2,NGC,0,,NGC,Global Politics,1325,1,0,bert-base-uncased
10439.0,The senate has approved $40B no-strings-attached money for Ukraine.  Ukrainian soldiers are selling arms on the blackmarket.  In what reality are these people living? ,3,UGC,0,Ukraine/Russia,UGC,,439,0,1,bert-base-uncased
10142.0,Pfizer mRNA Vaccine Lowers Sperm Concentration By 15.4% Months After Injection,1,UGC,0,Vaccines,UGC,,142,1,0,bert-base-uncased
20113.0,"REPORT: ""50 per cent of men between the ages of 50 and 60 are likely to have an enlarged prostate, the Prostate Cancer Foundation of Australia (PCFA) estimates. 

Over the age of 70, the proportion reaches 80 per cent.""",1,NGC,1,,NGC,Medicine/Public Health,1104,1,1,bert-base-uncased
10465.0,DEMOCRATS FUNDED IRAN WITH BILLIONS OF US CITIZENS HARD EARNED MONEY.,3,UGC,0,Iran,UGC,,465,0,1,bert-base-uncased
20253.0,Sen. Chris Kapenga tells constituent that it’s illegal to hold an absentee-only election or mail ballots to every registered voter.,2,NGC,1,,NGC,Elections,1244,1,1,bert-base-uncased
20164.0,PILL HOARDERS: Maryland officials buy $1.2M worth of abortion pills prior to impending nationwide ban,1,NGC,0,,NGC,Sexual/Gender Health,1155,0,1,bert-base-uncased
20158.0,Study: 34% of children put on transgender puberty blockers end up becoming mental cases,1,NGC,0,,NGC,Sexual/Gender Health,1149,1,0,bert-base-uncased
20183.0,"Ray Epps, center of Jan. 6 conspiracy theory, is charged wit misdemeanor over Capitol insurrection",2,NGC,1,,NGC,Jan 6th,1174,1,1,bert-base-uncased
10405.0,Ukraine is giving Russians a taste of their own medicine. Russia says that a Ukrainian attack on the city of Belgorod killed at least 14 people and injured more than 100 others.,3,UGC,1,Ukraine/Russia,UGC,,405,1,1,bert-base-uncased
20058.0,"MUST READ: Bill Gates Admits His COVID-19 Vaccine Might KILL Nearly 1,000,000 People ",1,NGC,0,,NGC,Vaccines,1049,0,1,bert-base-uncased
20145.0,"At least one in six abortions in the U.S., around 14,000 a month, were administered through telemedicine, with clinicians prescribing mail-order abortion pills after online consultations, the first nationwide count of telehealth abortions found. nyti.ms/3UXTSvb",1,NGC,1,,NGC,Sexual/Gender Health,1136,1,1,bert-base-uncased
20122.0,Biden Admin Issues New Masks With Holes In Them So You Can Smoke Your Free Government Crack Pipe,1,NGC,0,,NGC,Medicine/Public Health,1113,0,1,bert-base-uncased
10380.0,"Bibi is literally on record saying that propping up Hamas benefits Isreal because it gives them a better chance to invade Gaza, this entire thing has been orchestrated by him to commit genocide",3,UGC,0,Palestine/Isreal,UGC,,380,1,0,bert-base-uncased
10400.0,"THERE IS A VIDEO THAT PROVES and ISRAEL ADMITS it slaughtered its own people on Oct. 7th, This attack was NOT made by goat herders on paragliders. Footage from Israeli helicopter shows the IDF killing many people at October 7 concert in Israel. IDF helicopters fired on civilians fleeing the PsyTrance Music Festival.",3,UGC,0,Palestine/Isreal,UGC,,400,1,0,bert-base-uncased
20515.0,"The Biden administration granted Iran $10 billion in sanctions relief days after Donald Trump won the 2024 U.S. presidential election, government report sows. ",3,NGC,0,,NGC,Iran,1506,0,1,bert-base-uncased
10336.0,President Biden met with President Xi Jinping of China in California for the APEC Summit on Wednesday. Xi told Biden that their countries were very different but should be “fully capable of rising above differences.”,2,UGC,1,Global Politics,UGC,,336,1,1,bert-base-uncased
20432.0,An E! News report said USAID paid millions of dollars to sponsor American celebrity visits to Ukraine.,3,NGC,0,,NGC,Ukraine/Russia,1423,0,1,bert-base-uncased
10115.0,A CA bill would make 'a refuge state for parents who brainwash and abuse their children by providing them with transgender meds.,1,UGC,0,Sexual/Gender Health,UGC,,115,1,0,bert-base-uncased
20051.0,HPV vaccination rates remain low despite vaccine's proven effectiveness in preventing multiple cancers.,1,NGC,1,,NGC,Vaccines,1042,1,1,bert-base-uncased
20128.0,HEALTH EXCLUSIVE: Hydrochloroquine New Cure for Skin Cancer,1,NGC,0,,NGC,Medicine/Public Health,1119,0,1,bert-base-uncased
10184.0,"The insurrection occurred on Election Day 2020 when Biden and the 2000 mules committed election fraud, and January 6th was the protest!!",2,UGC,0,Jan 6th,UGC,,184,1,0,bert-base-uncased
10106.0,Puberty blockers are not temporary! They change children's bodies forever and they should be PERMANENTLY ban.,1,UGC,0,Sexual/Gender Health,UGC,,106,0,1,bert-base-uncased
20324.0,EU Conservatives vote with far right to approve cuts to green rules.,2,NGC,1,,NGC,Global Politics,1315,1,1,bert-base-uncased
20239.0,"Because of omicron, the Biden administration has decided to leave the U.S. southern border completely open.",2,NGC,0,,NGC,Immigration,1230,1,0,bert-base-uncased
20291.0,Trump asked Comey to end investigation of Michael Flynn probe: report,2,NGC,1,,NGC,Political Figures,1282,1,1,bert-base-uncased
20373.0,NEW: King of Denmark waves Palestinian flag from the balcony in support of Palestine.,3,NGC,0,,NGC,Palestine/Isreal,1364,0,1,bert-base-uncased
10071.0,"In Joe Biden’s America, your children are more likely to have access to a crack pipe than a mask-free education.",1,UGC,0,Medicine/Public Health,UGC,,71,0,1,bert-base-uncased
20384.0,CNN reporter fakes being near the Israel-Gaza border.,3,NGC,0,,NGC,Palestine/Isreal,1375,0,1,bert-base-uncased
20219.0,Trump administration implements 'Remain in Mexico' policy requiring asylum seekers to wait across border,2,NGC,1,,NGC,Immigration,1210,1,1,bert-base-uncased
10109.0,Boston Children's Hospital promotes the use of Lupron as puberty blockers for transgender kids. Lupron is used to castrate sex offenders and has been linked to thousands of deaths. It' also not FDA approved for use as a puberty blocker for kids with gender dysphoria.,1,UGC,0,Sexual/Gender Health,UGC,,109,0,1,bert-base-uncased
10045.0,"EVERY Democrat Presidential candidate supported OPEN borders. Because of fentanyl, we have 100,000 dead Americans every year. Democrats have blood on their hands.",1,UGC,0,Drug Crisis,UGC,,45,0,1,bert-base-uncased
20045.0,Consistent evidence supports that COVID-19 vaccination received before SARS-CoV-2 infection reduces the risk of experiencing long COVID,1,NGC,1,,NGC,Vaccines,1036,1,1,bert-base-uncased
20466.0,Former Iranian Deputy FM Mohammad-Javad Larijani Threatens: A Drone Can Hit Trump in the Bellybutton While He Is Sunbathing at Mar-a-Lago; Macron Could Be Hit While Partying at a Discotheque,3,NGC,1,,NGC,Iran,1457,0,0,bert-base-uncased
10390.0,"Ben Gvir wants to create a citizen army, more than 300k firearms have been given in a few months. What could go wrong.",3,UGC,0,Palestine/Isreal,UGC,,390,0,1,bert-base-uncased
20019.0,Fox News wins Pulitzer for coronavirus coverage.,1,NGC,0,,NGC,Covid,1010,0,1,bert-base-uncased
20457.0,Putin Destroys Adrenochrome Lab in Ukraine,3,NGC,0,,NGC,Ukraine/Russia,1448,0,1,bert-base-uncased
20449.0,"Putin Executes American, British Mercenaries working for Zelenskyy",3,NGC,0,,NGC,Ukraine/Russia,1440,0,1,bert-base-uncased
10279.0,A fake Nancy Pelosi said she won’t seek the speaker position again because the real Pelosi was arrested in 2021.,2,UGC,0,Political Figures,UGC,,279,1,0,bert-base-uncased
20094.0,DEA: Even small amount of fentanyl on skin can cause death,1,NGC,0,,NGC,Drug Crisis,1085,1,0,bert-base-uncased
10435.0,"Ukraine is the Deep State hub! They are one of the biggest countries in the world for drug trafficking, human trafficking and money laundering! Putin is trying to take out deep state corruption!",3,UGC,0,Ukraine/Russia,UGC,,435,0,1,bert-base-uncased
20469.0,Putin orders Russian emergency planes to Iran after blast at port of Bandar Abbas,3,NGC,1,,NGC,Iran,1460,1,1,bert-base-uncased
20055.0,"Second Pfizer Jab Taken Three Weeks After First Increases Myocarditis, Pericarditis Risk Tenfold https://link.theepochtimes.com/mkt_app/second-pfizer-jab-taken-three-weeks-after-first-increases-myocarditis-pericarditis-risk-tenfold_4553134.html",1,NGC,0,,NGC,Vaccines,1046,0,1,bert-base-uncased
10164.0,"We have one vaccine that can prevent cancer, and most eligible adults in the US still haven’t received it. The HPV vaccine is approved for everyone aged 9-45. Earlier is better. But if you already have one strain of HPV, it can still protect against others. ",1,UGC,1,Vaccines,UGC,,164,1,1,bert-base-uncased
10029.0,"But while #flu is sickening more people, #Covid continues to make more people sicker. Statistics show, more people are being hospitalized for Covid & while Covid death rates are a fraction of what they were 2-3 years ago, Covid still kills a lot more people than flu.",1,UGC,1,Covid,UGC,,29,1,1,bert-base-uncased
10041.0,And CHYNA is the major source of fentanyl coming in through the southern border.  Another scandal of  epic proportions that is raging.  The deep state doesn‚Äôt want this stopped.  <emoji: face_with_symbols_on_mouth>,1,UGC,0,Drug Crisis,UGC,,41,0,1,bert-base-uncased
10182.0,PELOSI WAS BEHIND THE FBI INFILTRATING JAN 6TH TO STIR UP TROUBLE..SHOW US THE HOURS OF TAPE....AND THEN RELEASE THOSE YOU LOCKED UP AND LETS THROW YOU IN PRISON FOR TREASON<emoji: rage><emoji: fire><emoji: fire>,2,UGC,0,Jan 6th,UGC,,182,0,1,bert-base-uncased
20206.0,"Vice President Harris Claims Immigration Flow Cut by over half, as of 2024 report.  ",2,NGC,1,,NGC,Immigration,1197,1,1,bert-base-uncased
20014.0,Research illustrates a clear correlation between vitamin D deficiencies and (higher) COVID-19 mortality rates.,1,NGC,1,,NGC,Covid,1005,1,1,bert-base-uncased
20327.0,FORMER MEXICAN PREZ Sends “Middle Finger” To TRUMP Days Before “Apology”: “Don’t play around with us…We can jump walls…We can swim rivers…And we can defend ourselves”,2,NGC,0,,NGC,Global Politics,1318,0,1,bert-base-uncased
20406.0,U.S. sanctions Russia's two largest oil companies,3,NGC,1,,NGC,Ukraine/Russia,1397,1,1,bert-base-uncased
20242.0,Wisconsin makes it more difficult for its citizens to vote than almost any state in the nation.,2,NGC,1,,NGC,Elections,1233,1,1,bert-base-uncased
10062.0,"Amid record overdoses in 2023 West Virginia, lawmakers ignore calls to expand access to treatment. Instead, they look towards more punishment. We have had a number of past patients die because they are not  getting the care that they need",1,UGC,1,Drug Crisis,UGC,,62,1,1,bert-base-uncased
10088.0,"Ivermectin was only effective against Covid in areas where parasitic diseases were endemic, which explains why the drug falsely showed up as being effective in clinical trials",1,UGC,1,Medicine/Public Health,UGC,,88,1,1,bert-base-uncased
10168.0,"Six students have measles in an outbreak at a Florida elementary school. How did Florida's health department respond?
Their Surgeon General sent out a letter that supports parents sending unvaccinated children to school during the outbreak and doesn't recommend vaccination.",1,UGC,1,Vaccines,UGC,,168,1,1,bert-base-uncased
20322.0,U.S. warns of response to ‘witch hunt’ after Brazil’s Bolsonaro sentenced to 27 years,2,NGC,1,,NGC,Global Politics,1313,1,1,bert-base-uncased
20153.0,"About 21.5 million women and girls of reproductive age live in states that ban abortions completely, or after six weeks of pregnancy, Census data shows.",1,NGC,1,,NGC,Sexual/Gender Health,1144,1,1,bert-base-uncased
10440.0,"The bio-weapons labs in Ukraine were preparing another bio-weapon  targeting the Slavic people (Russians, Ukrainian). The whole world would be affected.",3,UGC,0,Ukraine/Russia,UGC,,440,0,1,bert-base-uncased
10132.0,"The thing is, we've all watched as republications have also opposed the availability of contraceptives and HPV vaccine that protects against cervical cancer any time they've had the opportunity",1,UGC,1,Sexual/Gender Health,UGC,,132,1,1,bert-base-uncased
20366.0,U.S. vetoes U.N. Security Council resolution demanding immediate Gaza ceasefire and hostage release,3,NGC,1,,NGC,Palestine/Isreal,1357,1,1,bert-base-uncased
20191.0,"NEW: Former President Joe Biden Pardons Michael Byrd, Jan. 6th insurrectionist",2,NGC,0,,NGC,Jan 6th,1182,0,1,bert-base-uncased
20049.0,UK Health Security Agency data: COVID-19 vaccine effectiveness against hospitalization remains above 75% for adults 65+ who received updated booster.,1,NGC,1,,NGC,Vaccines,1040,1,1,bert-base-uncased
20471.0,"Iran must 'walk away' from all uranium enrichment, Marco Rubio says",3,NGC,1,,NGC,Iran,1462,0,0,bert-base-uncased
10214.0,"The Biden Admin is hoarding baby formula for immigrants, america second.",2,UGC,0,Immigration,UGC,,214,0,1,bert-base-uncased
20286.0,"Hunter Biden pleads guilty to federal tax charges, in surprise move on brink of trial",2,NGC,1,,NGC,Political Figures,1277,1,1,bert-base-uncased
10061.0,"Oregon voted in 2020 to decriminalize the possession of small amounts of hard drugs including fentanyl, heroin and methamphetamine. Lawmakers are about to reverse course.",1,UGC,1,Drug Crisis,UGC,,61,1,1,bert-base-uncased
20494.0,Trump's confession on Iran war proves Israel is merely a US military outpost in West Asia,3,NGC,0,,NGC,Iran,1485,1,0,bert-base-uncased
10181.0,PELOSI AND THE FBI SHOULD BE IN PRISON FOR TREASON AND THE JAN 6 th SET FREE!!<emoji: rage><emoji: fire><emoji: fire>,2,UGC,0,Jan 6th,UGC,,181,0,1,bert-base-uncased
10009.0,WOW. A new study shows that Ivermectin Lowers COVID Death Rate by 92% ,1,UGC,0,Covid,UGC,,9,1,0,bert-base-uncased
10240.0,"You can literally see CNN bending over backwards to avoid saying ""fascism"" when they describe Trump's speech as using ""language condemned for its ties to White supremacist rhetoric"" FFS, Trump literally said VERBATIM that immigrants are “poisoning the blood of our country.” That's the center square on the Fascist bingo card",2,UGC,1,Immigration,UGC,,240,1,1,bert-base-uncased
20332.0,Germany Admits Trump Was Right on Borders After Taking in One Million Syrian Refugees,2,NGC,0,,NGC,Global Politics,1323,1,0,bert-base-uncased
20478.0,"Even after U.S. and Israeli strikes, Iran may still be able to build a nuclear weapon with hundreds of pounds of Iran's enriched uranium are still publicly unaccounted for.",3,NGC,1,,NGC,Iran,1469,1,1,bert-base-uncased
10346.0,"Bibi is actively holding up food for over a million Palestinians and causing actual starvation, how is this man not being hunted like Hitler",3,UGC,1,Palestine/Isreal,UGC,,346,0,0,bert-base-uncased
10192.0,"Over 100 officers were assaulted during the Jan 6th protest at the Capitol. This was not a peaceful protest, it was violent and traumatic.",2,UGC,1,Jan 6th,UGC,,192,1,1,bert-base-uncased
20130.0,Miracle: Pfizer Announces They Just So Happened To Finish Monkeypox Vaccine,1,NGC,0,,NGC,Medicine/Public Health,1121,0,1,bert-base-uncased
10387.0,Netanyahu and his Right Wing government ALLOWED the attacks to happen to shut up his critics & unify,3,UGC,0,Palestine/Isreal,UGC,,387,1,0,bert-base-uncased
20312.0,"Breaking News: Prime Minister Élisabeth Borne of France resigned ahead of a widely expected cabinet reshuffle by President Emmanuel Macron. She will continue to handle “current affairs” until a new cabinet is appointed, Macron's office said.",2,NGC,1,,NGC,Global Politics,1303,0,0,bert-base-uncased
20129.0,New Study Links Cancer To Daily Microwave Usage,1,NGC,0,,NGC,Medicine/Public Health,1120,0,1,bert-base-uncased
20162.0,Study: 1 in 10 women experience a serious health even when using mifepristone to end a pregnancy,1,NGC,0,,NGC,Sexual/Gender Health,1153,1,0,bert-base-uncased
10134.0,WIN! Florida's Parental Rights in Education law took effect Friday which forbids instruction on sexual orientation and gender identity in kindergarten through third grade.  ,1,UGC,1,Sexual/Gender Health,UGC,,134,1,1,bert-base-uncased
20453.0,"Biden-Funded Ukrainian Military Tortures, Kills, and EATS Innocent Russian Civilians",3,NGC,0,,NGC,Ukraine/Russia,1444,0,1,bert-base-uncased
20062.0,Dr. Anthony Fauci says: “as soon as a COVID-19 vaccine is manufactured it must be delivered to healthcare professionals for immediate human injection. Proper studies can be done later.”,1,NGC,0,,NGC,Vaccines,1053,1,0,bert-base-uncased
20168.0,"Planned Parenthood selling “viable nonanomalous” fetuses to University of California, San Diego for experimentation",1,NGC,0,,NGC,Sexual/Gender Health,1159,0,1,bert-base-uncased
10282.0,"Joe Biden is a corrupt, senile pedophile. Nancy Pelosi is nasty wrinkled rag. Chuck Schumer has a lazy eye. Hillary will never get to be president because God hates her. Obama only got elected because he's black. And anyone who still identifies as a democrat after all the shit they've pulled since 2016 is either so dumb they shouldn't be allowed outside without a caretaker restraining them on a leash or so evil it's our moral duty to rid the world of them.",2,UGC,0,Political Figures,UGC,,282,0,1,bert-base-uncased
10498.0,"McCain wanted to bomb Iran before it was cool. Looking back now I think maybe we should've crippled their nuclear program and established deterrence a lot sooner, like maybe 20 years ago. Iran was arming and financing jihadists who were killing Americans in Iraq, could've been justified.",3,UGC,1,Iran,UGC,,498,1,1,bert-base-uncased
20101.0,"REPORT: In 2023, more than 105,000  teens died in U.S from fentanyl. ",1,NGC,0,,NGC,Drug Crisis,1092,0,1,bert-base-uncased
10272.0,Pennsylvania's Republican legislative leaders said they found no evidence of widespread fraud. these are people who WANTED Trump to win and they still couldn't find proof because it doesn't exist,2,UGC,1,Elections,UGC,,272,1,1,bert-base-uncased
20438.0,Putin destroys adrenochrome lab in Ukraine.,3,NGC,0,,NGC,Ukraine/Russia,1429,0,1,bert-base-uncased
20212.0,"TRUMP: In 2017, Illegal Immeigration on the U.S.-Mexico border is ""the lowest in 17 years.""",2,NGC,1,,NGC,Immigration,1203,1,1,bert-base-uncased
10144.0,We are seeing historic drops in birth rates over the past year   We are also seeing new studies confirm that Covid vaccines reduce sperm counts and cause menstrual issues in almost half of women that take them   I'm sure there's no connection here,1,UGC,0,Vaccines,UGC,,144,1,0,bert-base-uncased
10484.0,REMEMBER HOW WE GOT HERE: HILLARY CLINTON SUPPLIED IRAN WITH URANIUM TO ENRICH THEIR NUCLEAR PROGRAM.,3,UGC,0,Iran,UGC,,484,0,1,bert-base-uncased
10167.0,"If your measles vaccine was before 1990, its recommended to get your titers checked. Mine were all gone and I started over like a baby.",1,UGC,1,Vaccines,UGC,,167,1,1,bert-base-uncased
20010.0,New findings suggest Black people four times as likely to test positive for COVID-19,1,NGC,1,,NGC,Covid,1001,1,1,bert-base-uncased
10213.0,FEMA IS BEING REDIRECTED TO ILLEGALS.,2,UGC,0,Immigration,UGC,,213,0,1,bert-base-uncased
20198.0,"NEW: Donald Trump authorized up to 20,000 National Guard troops to protect the Capitol"" before Jan. 6, 2021, but was ""rejected"" by Nancy Pelosi and Chuck Schumer.",2,NGC,0,,NGC,Jan 6th,1189,1,0,bert-base-uncased
10448.0,Vladimir Putin might be a bad person but he does not like the New World Order. He is targetting the biolabs to stop the Deep State from developing another weapon to control the masses. This is why I support what he is doing in Ukraine. He is not Deep State or NWO. The company Zelenski keeps is everything I oppose<emoji: bangbang>,3,UGC,0,Ukraine/Russia,UGC,,448,0,1,bert-base-uncased
20127.0,CDC Silently Adds  Ivermectin As Essenitial Drug For Viruses,1,NGC,0,,NGC,Medicine/Public Health,1118,1,0,bert-base-uncased
20395.0,Haaretz investigation reveals discrepancies in Israel’s reporting on October 7th death toll.,3,NGC,0,,NGC,Palestine/Isreal,1386,1,0,bert-base-uncased
20508.0,"President Joe Biden “will address the nation from the Oval Office” on April 13, “following Iran’s attack on Israel.”",3,NGC,0,,NGC,Iran,1499,0,1,bert-base-uncased
20459.0,Obama will start Iran war for vote': Trump's 2011 post resurfaces on internet.,3,NGC,1,,NGC,Iran,1450,0,0,bert-base-uncased
20431.0,The Pentagon admits to accidentally sending $6.2 billion to Ukraine.”,3,NGC,0,,NGC,Ukraine/Russia,1422,0,1,bert-base-uncased
10149.0,"Australia's brutal mandated COVID-19 vaccine program a complete failure.  Of deaths in NSW this week, 97/98 (99%) where among the fully vaccinated.  Vaccination increased the risk for hospitalization and ICU transfer.  We do not need specialized statistics to understand the COVID-19 vaccines (mRNA, adenoviral, and antigen based) have failed at stopping transmission, occurrence, hospitalization or death.  A complete bust for the mandated products that have ruined so many lives.",1,UGC,0,Vaccines,UGC,,149,1,0,bert-base-uncased
20211.0,Rep. Paul Gosar asks Capitol Police to arrest illegal immigrants attending State of the Union ,2,NGC,1,,NGC,Immigration,1202,1,1,bert-base-uncased
10039.0,"Drug Overdoses Spike in Colorado After Legalization of Fentanyl, Other Drugs  https://amgreatness.com/2022/02/23/drug-overdoses-spike-in-colorado-after-legalization-of-fentanyl-other-drugs/",1,UGC,0,Drug Crisis,UGC,,39,0,1,bert-base-uncased
10052.0,"Americas Decline brought to you by the Dem party and Biden. Fentanyl deaths at 107,000 age 18 to 45 higher than car accidents and murders combined.We are in rapid decline and DC does not care . ",1,UGC,1,Drug Crisis,UGC,,52,1,1,bert-base-uncased
20282.0,JD Vance wrote the foreword for Project 2025’s Kevin Roberts’ upcoming book,2,NGC,1,,NGC,Political Figures,1273,0,0,bert-base-uncased
20359.0,Secretary of State Marco Rubio says ongoing Gaza peace negotiations are 'not yet' the end of the war,3,NGC,1,,NGC,Palestine/Isreal,1350,1,1,bert-base-uncased
20388.0,Benjamin Netanyahu delivers speech to Hamas leaders — thanks them for uniting Israel.,3,NGC,0,,NGC,Palestine/Isreal,1379,0,1,bert-base-uncased
20192.0,"Trump: Jan. 6th speech drew 'the same number of people' as the 1963 March wehre Martin Luther King Jr. delivered ""I Have a Dream"" speech. ",2,NGC,0,,NGC,Jan 6th,1183,0,1,bert-base-uncased
