id,claim,domain,structure,label,topic
10000,The CDC has removed the ‘Covid-19 Pandemic’ and replaced it with ‘Covid-19 Outbreak’ on their website. It was never a pandemic.,1,UGC,0,Covid
10001,"Hi if you're suddenly coming down with a cold two days after a big family Christmas, please keep in mind: Paxlovid significantly reduces long Covid/hospitalization/death and it is *not* restricted to high-risk people ",1,UGC,0,Covid
10002,Vaccines offer limited protection against long COVID.,1,UGC,0,Covid
10003,rapid tests are not super reliable with this variant! Masking is though!,1,UGC,0,Covid
10004,IF MASKS ACTUALLY WORKED THEY WOULD HAVE BEEN BANNED... JUST LIKE HYDROXYCHLOROQUINE,1,UGC,0,Covid
10005,A judge ruled NY Covid-19 Quarantine Rules Unconstitutional and Illegal!!!,1,UGC,0,Covid
10006,Domestic oil is the new ivermectin. You can't have it because it would resolve the crisis they need you to go through. IVERMECTIN IS THE CURE FOR COVID.,1,UGC,0,Covid
10007,"Ivermectin could have STOPPED THE PANDEMIC Here is the extensive clinical study, peer reviewed on Ivermectin. If you Google , you will only see negative information. If you read the study done by National library of medicine, it‚Äôs a joke and it is not a complete study. This study is complete, A little too late but at least it proves Ivermectin is effective in stopping Covid, before it enters the cells, and stopped replication of the virus .OUR GOVERNMENT LIED. https://clinicalnews.org/2021/05/07",1,UGC,0,Covid
10008,Truth! The pandemic was PLANNED! It's a PLANDEMIC! I don‚Äôt trust our corrupt government nor the democrats so I never complied! Proudly unvaxxed and always unmasked and no tests!,1,UGC,0,Covid
10009,WOW. A new study shows that Ivermectin Lowers COVID Death Rate by 92% ,1,UGC,0,Covid
10010,"People who took the anti-malaria treatment, hydroxychloroquine, that Donald Trump touted as a cure for Covid-19 in the early days of the pandemic and waning days of his presidency were 11% more likely to die from the virus.",1,UGC,0,Covid
10011,"Healthcare Control fake-Covid was the dress-rehearsal. We're going to see far more stringent controls over healthcare, especially when the next Plandemic hits. Whether it's a new variant of Covid, Monkeypox, Hemorrhagic Fever, or something else, we can expect a so-called with a higher death rate pop up and compel government to get fully in bed with Big Pharma.",1,UGC,0,Covid
10012,"Remember Folks! If they, Big Pharma‚ can keep people sick , that is returning customers. There is big money in that. Look at this! No wonder they want to keep people from getting Ivermectin. Not only does it cure COVID but it kills Cancer cells.<emoji: point_down><emoji: point_down><emoji: point_down><emoji: point_down><emoji: point_down><emoji: point_down><emoji: point_down><emoji: point_down> https://pubmed.ncbi.nlm.nih.gov/29257278/",1,UGC,0,Covid
10013,"Wait ! How could Fauci have covid ? He's been vaccinated.  Vaccines supposed are to stop  you from being infected. No Ivermectin for little Tony the mass murderer -,RIP",1,UGC,0,Covid
10014,Scenes from Shanghai now.  Entirely locked down from COVID plandemic.  Marhsall law is  Eerie stuff. What are they planning???,1,UGC,0,Covid
10015,"COVID was so bad one year, they just forgot to give us a hurricane? What’s really going on here.",1,UGC,0,Covid
10016,"Covid-does NOT exist AS A VIRUS, and Russian doctors performing autopsies on deceased COVID-19 patients violate a World Health Organization law",1,UGC,0,Covid
10017,FYI covid stays in the air for hours even once sick ppl leave,1,UGC,1,Covid
10018,"My anecdotal sense is that covid damaged our attention spans, and there is some data to back it up. ""Results suggest that aggressiveness and inattentiveness of drivers increased significantly after the outbreak of COVID-19, leading to a higher likelihood of severe crashes."" www.ncbi.nlm.nih.gov/pmc/articles...",1,UGC,1,Covid
10019,Long COVID is not rare.,1,UGC,1,Covid
10020,There is no standard treatment for long COVID.,1,UGC,1,Covid
10021,Repeat infections make long COVID more likely.,1,UGC,1,Covid
10022,"also if you're not aware: covid is spread through airborne aerosol particles- teeny tiny little things. surgical masks are not made with protection from aerosol particles in mind, they're for keeping large droplets outta your system. please consider wearing kn95s or n95s to protect yourself/others",1,UGC,1,Covid
10023,Paxlovid reduces your risk of long COVID.,1,UGC,1,Covid
10024,“even mild COVID-19 infections can shrink the brain” this seems fine,1,UGC,1,Covid
10025,Testing negative doesn’t guarantee you don’t have covid but you’re more likely to test positive when your viral load is high (which also correlated with how contagious you are). ,1,UGC,1,Covid
10026,"covid killed around as many kids in 2 years as the flu has killed in 2 decades, which is why i pulled out my hair when emily oster told parents they could skip it",1,UGC,1,Covid
10027,Getting fully vaccinated dramatically reduces the risk of Long COVID. ,1,UGC,1,Covid
10028,"The CDC said people with Covid may return to daily life if they don’t have a fever and are improving, dropping guidance to isolate for five days.",1,UGC,1,Covid
10029,"But while #flu is sickening more people, #Covid continues to make more people sicker. Statistics show, more people are being hospitalized for Covid & while Covid death rates are a fraction of what they were 2-3 years ago, Covid still kills a lot more people than flu.",1,UGC,1,Covid
10030,Polls continue to show white people are far less likely to take COVID precautions. % who have changed behavior due to news of increases of COVID (inc. wearing a mask or avoiding high risk spaces):,1,UGC,1,Covid
10031,I don't think it's being noted enough that DeSantis said this in the same week RFK Jr. said COVID was designed to spare Jewish people and kill white people,1,UGC,1,Covid
10032,This is a relief: researchers who test the tests confirm that COVID rapid home tests are sensitive to new variants. Please test whenever you feel even slightly sick or have been exposed to COVID. You can have it and transmit it without symptom,1,UGC,1,Covid
10033,"Emily Oster told parents kids faced little risk from COVID. Not only has the disease been a leading cause of death, but an estimated 5.8 million kids suffer long COVID. Oster said schools wouldn’t be hotbeds of COVID transmission. That wasn’t true either. Well, now she has a clothing line.",1,UGC,1,Covid
10034,"Since Biden took over we have record inflation,$5 gas,a baby formula crisis,an overrun border,a drug overdose epidemic and a violent crime wave",1,UGC,0,Drug Crisis
10035,"Joe Biden Allowed Fentanyl To Enter America  He Aided This Crime  Biden and Mayorkas should be charged as accessories to murder  Man, 21, arrested 'selling cocaine' connected to spring break overdose ",1,UGC,0,Drug Crisis
10036,An unsecured border means more children are dying from drug overdoses and human trafficking.  #endthis @KariLake #SaveOurChildren,1,UGC,0,Drug Crisis
10037,Fentanyl is being smuggled across the southern border at historic rates and it's the leading cause of death for Americans aged between 18-45.   A standard fatal overdose of it is 2 milligrams.   Biden must secure our borders and save American lives.,1,UGC,0,Drug Crisis
10038,Overdoses are skyrocketing because Biden won't close the border.,1,UGC,0,Drug Crisis
10039,"Drug Overdoses Spike in Colorado After Legalization of Fentanyl, Other Drugs  https://amgreatness.com/2022/02/23/drug-overdoses-spike-in-colorado-after-legalization-of-fentanyl-other-drugs/",1,UGC,0,Drug Crisis
10040,It only take a minimal amount on the  skin to kill a person.  Who is to say they are not transporting the fentanyl to our government.  They could take drones and drop the powder into large crowds and people would just fall over dead from overdose. Perhaps it is not about drug use and addiction at all.  Perhaps it is just another plan for population control.  I just think ahead of these evil people and all of the ways they plan to kill us.  Don‚Äôt believe it can‚Äôt happen.,1,UGC,0,Drug Crisis
10041,And CHYNA is the major source of fentanyl coming in through the southern border.  Another scandal of  epic proportions that is raging.  The deep state doesn‚Äôt want this stopped.  <emoji: face_with_symbols_on_mouth>,1,UGC,0,Drug Crisis
10042,#PedoJoe is using the fentanyl situation to confuse the nation about vaccnie death.,1,UGC,0,Drug Crisis
10043,This is what the border crisis brings. Dudes all loaded on fentanyl.. #westernwhitehouse,1,UGC,0,Drug Crisis
10044,"Officials seized 15,000 pills disguised as candy in Connecticut. These are one of the thousands of consequences of an open border and mass immigration. ",1,UGC,0,Drug Crisis
10045,"EVERY Democrat Presidential candidate supported OPEN borders. Because of fentanyl, we have 100,000 dead Americans every year. Democrats have blood on their hands.",1,UGC,0,Drug Crisis
10046,Teen Opioid Deaths Have Surge 350% in 2023 Thanks To Rise Of Fentanyl and Open Borders.,1,UGC,0,Drug Crisis
10047,"Fentanyl is the #1 cause of death in the US ages 18-45. Not Covid, not global warming, not racism, not police, not white privilege, not trans 'oppression.' Fentanyl, a CCP manufactured drug deployed against the American people as a weapon of mass destruction via China Joe's open borders policy. Acts of War. Blueprint",1,UGC,0,Drug Crisis
10048,"*millions* of illegal aliens, violent cartel criminals, and fentanyl dealers that have flooded into middle class communities on the southern border since Biden reversed Trump's immigration policies.",1,UGC,0,Drug Crisis
10049,Fentanyl overdoses are now the leading cause of death for Americans in the 18-45 demographic.  This isn't a black pill. This is reality. ,1,UGC,0,Drug Crisis
10050,Millions of 18-45 year olds are dying from fentanyl overdoses due to our disgraceful border policies.  Yet all I see on here are screenshots of Q drops and posts about how ‚Äúeverything is under control‚Äù or it ‚Äúhad to be this way‚Äù.  Wake Up.,1,UGC,0,Drug Crisis
10051,"Slow Joey lying and bumbling his way through so called bipartisan gun legislation which will do nothing. More people killed by knives, hammers, and fentanyl (107k thanks to Slimy's southern open border). C'mon man. Let's go Brandon!",1,UGC,1,Drug Crisis
10052,"Americas Decline brought to you by the Dem party and Biden. Fentanyl deaths at 107,000 age 18 to 45 higher than car accidents and murders combined.We are in rapid decline and DC does not care . ",1,UGC,1,Drug Crisis
10053,"Out of the 108,000 drug overdose deaths in the US last year, 71,000 were synthetic opioids like fentanyl.  Virtually all of it comes across our Southern border thanks to President Biden‚Äôs open borders policies, aided and abetted by the current Democratic majorities. ",1,UGC,1,Drug Crisis
10054,Secretary of State Antony Blinken warned on Friday that countries around the world will soon face the kind of fentanyl drug crisis that's killing tens of thousands of people each year in the U.S.,1,UGC,1,Drug Crisis
10055,"How come the only real achievements of this administration seem to deal with death and misery? We now have Record deaths at the border, Record drug overdoses, Record child trafficking and kidnapping, Record crime rates, Record VAERS vaccination deaths, late term abortions, and funding the killing fields in unwinnable wars. Oh that‚Äôs right, to create a new ‚ÄúLiberal World Order‚Äù their needs to be as much chaos as possible.",1,UGC,1,Drug Crisis
10056,Who could have predicted this?   Oregon Sees Massive Spike in Overdose Deaths One Year After Decriminalizing Hard Drugs   https://podcasts.apple.com/us/podcast/human-events-daily-with-jack-posobiec/id1585243541?i=1000579009707,1,UGC,1,Drug Crisis
10057,"During the pandemic, overdose deaths across the county skyrocketed by 30%. South Dakota was the ONLY state in America with a large drop ‚Äî  down by 16%.  We raised awareness. We protected South Dakotans‚Äô freedom to live their lives. More people sought help, and we were aggressive in providing those resources.",1,UGC,1,Drug Crisis
10058,"In Philadelphia, canvassers are going door-to-door to warn some residents of the overdose rates in their neighborhood, and handing out Narcan, fentanyl test strips, and information on resources.",1,UGC,1,Drug Crisis
10059,Powder-filled envelopes ‚Äî including some that appear to have been laced with fentanyl ‚ were mailed to election offices in five states. They're a sign of what some officials say is a rise in threats to the safety of election workers as 2024 approaches.,1,UGC,1,Drug Crisis
10060,West Virginia is seeing high  overdose rates and polticians think punishing people struggling w addiction is the solution…,1,UGC,1,Drug Crisis
10061,"Oregon voted in 2020 to decriminalize the possession of small amounts of hard drugs including fentanyl, heroin and methamphetamine. Lawmakers are about to reverse course.",1,UGC,1,Drug Crisis
10062,"Amid record overdoses in 2023 West Virginia, lawmakers ignore calls to expand access to treatment. Instead, they look towards more punishment. We have had a number of past patients die because they are not  getting the care that they need",1,UGC,1,Drug Crisis
10063,"More than 70,000 synthetic opioid deaths in America! SECURE OUR BORDERS!!",1,UGC,1,Drug Crisis
10064,"Friendly reminder that there is no evidence that jail solves  a drug crisis! But there is data linking  education, treatment and housing and lower drug abuse rates. ",1,UGC,1,Drug Crisis
10065,"Fentanyl killed over 73,000 Americans last year. That’s more than every U.S. soldier lost in Vietnam.",1,UGC,1,Drug Crisis
10066,Big Pharma made billions flooding small towns with Oxy.,1,UGC,1,Drug Crisis
10067,THERE IS NO EVIDENCE THAT SUGGESTS YOU CAN INCARCERATE A COUNTRY OUT OF A DRUG EPIDEMIC!,1,UGC,1,Drug Crisis
10068,Remember when 'Build Back Better' meant free housing? Now it’s free crack pipes.,1,UGC,1,Medicine/Public Health
10069,Trump tried to warn us he pushed HCQ / ivermectin both banned but HCQ could very wrong turn out to be a wonder drug a cure for cancer possibly no more chemotherapy could it be Big Pharma had it all along my brother in law works with Cancer patients to help them get their meds because they are so darned expensive just shows you how Powerful Greedy and Evil these people are the Pandemic says it all,1,UGC,0,Medicine/Public Health
10070,"While it may not cure Covid, the anti-malaria drug hydroxychloroquine could help treat cancer, a new study suggests. https://www.dailymail.co.uk/health/article-10610683/Could-Donald-Trumps-favourite-Covid-pill-beat-cancer.html",1,UGC,0,Medicine/Public Health
10071,"In Joe Biden’s America, your children are more likely to have access to a crack pipe than a mask-free education.",1,UGC,0,Medicine/Public Health
10072,The Biden administration is spending $30 million on crack pipes.,1,UGC,0,Medicine/Public Health
10073,Biden Admin Issues New Masks With Holes In Them So You Can Smoke Your Free Government Crack Pipe https://babylonbee.com/news/biden-admin-issues-new-masks-with-holes-in-them-so-you-can-smoke-your-free-government-crack-pipe/,1,UGC,0,Medicine/Public Health
10074,Psaki Says Everyone Will Have To Show Proof Of Vaccination Before Receiving Free Crack Pipe https://babylonbee.com/news/psaki-says-everyone-will-have-to-show-proof-of-vaccination-before-receiving-free-crack-pipe/,1,UGC,0,Medicine/Public Health
10075,The party that declares themselves as the party of science thinks handing out free crack pipes to drug addicts is a wise public health decision. These people are wrong about EVERYTHING!,1,UGC,0,Medicine/Public Health
10076,"A fake Monkey pox outbreak happens right before the WHO meets to expand their powers. It's almost like it was planned. But what do we know we're just conspiracy theorists who saw through Russia Gate, Epstein Island, the plandemic, the vaccines, and literally everything else.",1,UGC,0,Medicine/Public Health
10077,"I've been looking into ivermectin and honestly, everything I've found says it can cure almost anything which is why big pharma doesn't want you to know. Lost customers. One quick question. How long should you do this for?",1,UGC,0,Medicine/Public Health
10078,The WHO listed ivermectin as one of its essential medication‚ When did this happen?,1,UGC,0,Medicine/Public Health
10079,"Ivermectin and HCQ cures cancer,covid, the cold and the flu.",1,UGC,0,Medicine/Public Health
10080,"It goes back to Rockefeller using his refining techniques to make medicines and his people working to make natural cures unavailable, his people also attacked God's  healing in churches. We have been indoctrinated by Rockefeller's Big Pharma since the breakup of Standard Oil when Rockefeller moved to medicine.",1,UGC,0,Medicine/Public Health
10081,"Masks don't work, Hydroxychloroquine and Ivermectin do work, vaccines don't work, great wealth was made off vaccines,",1,UGC,0,Medicine/Public Health
10082,"Funny how cancer rates skyrocketed after microwaves and processed food showed up. But sure, 'trust the science.'",1,UGC,0,Medicine/Public Health
10083,"Billions in Big Pharma profits, and they couldn’t admit a cheap farm drug works better than all their antivirals. #DoYourResearch #Ivermectin",1,UGC,0,Medicine/Public Health
10084,You work 40 hours a week so the Biden admin can hand out CRACK PIPES. Can't make this up.,1,UGC,0,Medicine/Public Health
10085,"Vegetable oils, such as corn oil, soybean oil and canola oil, have been linked to heart disease,gastrointestinal disease, inflammatory conditions, cancer and other chronic diseases.Replacing them with healthy fats is one of the simplest ways to boost your health. Link in bio for a list of your healthiest options. https://bit.ly/39boUKm",1,UGC,1,Medicine/Public Health
10086,"Rates of colorectal cancer have been rising in young people over the past decade. In today's episode, we explore what might be behind this alarming trend and how a camera strapped to a two-year-old helps AI to learn language.",1,UGC,1,Medicine/Public Health
10087,Gastrointestinal medicine practitioners have noticed something strange in recent years: More young people are being diagnosed with colorectal cancer. Nurse practitioner Jennifer Fijor joins us to talk about the warning signs.,1,UGC,1,Medicine/Public Health
10088,"Ivermectin was only effective against Covid in areas where parasitic diseases were endemic, which explains why the drug falsely showed up as being effective in clinical trials",1,UGC,1,Medicine/Public Health
10089,studies showing ivermectin suppressing cancers,1,UGC,1,Medicine/Public Health
10090,Positive things so far this week. <emoji: sunglasses> 1) Ivermectin now available over the counter without prescription in Tennessee. 49 other states soon to follow. 2) Musk taking Twitter. 3) Florida made ballot harvesting a felony!,1,UGC,1,Medicine/Public Health
10091,"Ivermectin is a life-saving drug — for river blindness and parasitic infections, not viruses. Context matters. ",1,UGC,1,Medicine/Public Health
10092,Ok but why can't MAGA wrap their heads around the fact that just because something  works for malria  doesn't work mean it works for viral diseases? ,1,UGC,1,Medicine/Public Health
10093,Colorectal cancer is one of the most preventable cancers if caught early with screening.,1,UGC,1,Medicine/Public Health
10094,"Would you like some Bubonic with your Covid? Measles is popular again too, I hear. Pet cat blamed for first case of bubonic plague in US state in nine years",1,UGC,1,Medicine/Public Health
10095,"The $30M harm reduction grant funds naloxone, safe syringe programs, and HIV prevention,  not crackpipes. MAGA has lost the plot",1,UGC,1,Medicine/Public Health
10096,"My public service announcement for the day. Don't worry about Charles, worry about YOU!  50 per cent of men between the ages of 50 and 60 are likely to have an enlarged prostate, the Prostate Cancer Foundation of Australia (PCFA) estimates. Over the age of 70, the proportion reaches 80 per cent.",1,UGC,1,Medicine/Public Health
10097,"Thirty-three years after the Food and Drug Administration banned the use of Red Dye No. 3 in red lipstick and other cosmetics by linking it to cancer, California has become the first state to ban the chemical in food.",1,UGC,1,Medicine/Public Health
10098,"When you're infected with #measles, your #immune system abruptly forgets every pathogen it's ever encountered before – every cold, every bout of flu, every exposure to bacteria or viruses, every #vaccination. ",1,UGC,1,Medicine/Public Health
10099,Colorectal cancer is rising in adults under 50. Don’t wait until you’re ‘old enough’,1,UGC,1,Medicine/Public Health
10100,They said hydroxychloroquine was 'dangerous' but still give it to lupus patients.,1,UGC,1,Medicine/Public Health
10101,WI is 49th in federal public health spending. We just had a pandemic and will be vulnerable to the next one because Republicans are not investing in public health.,1,UGC,1,Medicine/Public Health
10102,Just when you thought Taco Bell's DRAG BUNCH was sickening‚ Now PIZZA HUT promotes kids TRANSGENDER book https://news.yahoo.com/cain-pizza-hut-drag-books-123324329.html #MT22 #UMTOO #MAGA #AndBeOnd,1,UGC,0,Sexual/Gender Health
10103,DO NOT BUY MARLBORO CIGARETTES. They are secretly adding puberty blockers to make them legal for kids. ,1,UGC,0,Sexual/Gender Health
10104,"Planned Parenthood receives $50, $75, $100 and even more per specimen, per fetal part<emoji: point_left>Stem cells are the caviar<emoji: 100>society is in a state of pure ignorance, if they believe that abortion is not promoted by doctors, corporate interests and government for pure profit and greed<emoji: 100>",1,UGC,0,Sexual/Gender Health
10105,Wauwatosa Schools is teaching 10-year-olds about puberty blockers.,1,UGC,0,Sexual/Gender Health
10106,Puberty blockers are not temporary! They change children's bodies forever and they should be PERMANENTLY ban.,1,UGC,0,Sexual/Gender Health
10107,Oregon Children's Hospital promotes the use of Lupron as puberty blockers for transgender kids. Lupron is used to castrate sex offenders and has been linked to thousands of deaths. It' also not FDA approved for use as a puberty blocker for kids with gender dysphoria.,1,UGC,0,Sexual/Gender Health
10108,"Giving children Lupron, a medication that kills thousands of people a year, is insane. Dems are poisoning our children. ",1,UGC,0,Sexual/Gender Health
10109,Boston Children's Hospital promotes the use of Lupron as puberty blockers for transgender kids. Lupron is used to castrate sex offenders and has been linked to thousands of deaths. It' also not FDA approved for use as a puberty blocker for kids with gender dysphoria.,1,UGC,0,Sexual/Gender Health
10110," When Trump supporters come to my office at the Mayo Clinic, I love misdiagnosing their healthy pregnancies as ectopic so they have to abort their white fetuses.",1,UGC,0,Sexual/Gender Health
10111,"People are NOT happier after transitioning, the studies show it. Thousands of adults detransitioning. ",1,UGC,0,Sexual/Gender Health
10112,"Doctors are telling kids that puberty blockers are completely safe and reversible, they are not. PROTECT OUR CHILDREN FROM THESE GROOMERS!",1,UGC,0,Sexual/Gender Health
10113,Democrats in Delaware is trying to pass a bill that would allow children to get puberty blockers and abortions without their parents.,1,UGC,0,Sexual/Gender Health
10114,"The number of young people who regret their medical transitions is exploding in this country. [Two years ago] there were 7,000 members of the Detransitioning Reddit group, that number is now up 400%. They were given no safeguards by the adults who were supposed to know better.",1,UGC,0,Sexual/Gender Health
10115,A CA bill would make 'a refuge state for parents who brainwash and abuse their children by providing them with transgender meds.,1,UGC,0,Sexual/Gender Health
10116,School Nurse Suspended For Revealing Connecticut Public School Was Secretly Giving Children Puberty Blockers Behind Their Parents' Backs. They better prepare for lawsuits for these schools.   ,1,UGC,0,Sexual/Gender Health
10117,"The Biden administration has tethered federal school lunch funding to compliance with gender ideology, allowing boys to use girls' restrooms. https://www.breitbart.com/politics/2022/06/01/biden-administration-forces-k-12-gender-ideology-compliance-with-lunch-money-threat/?utm_source=facebookandutm_medium=social",1,UGC,0,Sexual/Gender Health
10118,"There is no such thing as a trans kid, the trans child is a pharmaceutically-constructed demographic of children who were told that they are living in the ‘wrong body.’",1,UGC,0,Sexual/Gender Health
10119,Simply affirming a teenager's gender is akin to affirming anorexia. Both are body dysmorphic disorders. Yet we don't teach a starving teenager how to binge and purge; or affirm that they are indeed overweight.,1,UGC,0,Sexual/Gender Health
10120,Radical U.S. Assistant Secretary of Health Rachel Levine has repeatedly advocated for puberty blockers for American children.  The FDA just issued a new warning for these hormones saying that they can cause brain swelling and vision loss in minors.  ,1,UGC,1,Sexual/Gender Health
10121,Planned Parenthood paused emergency fundiing for Abortion Access. This is bad.,1,UGC,1,Sexual/Gender Health
10122,Sperm can live inside a woman's vagina for up to five days waiting for her to begin ovulating.,1,UGC,1,Sexual/Gender Health
10123,"Human testicles can produce 1,500 sperm with every heartbeat",1,UGC,1,Sexual/Gender Health
10124,Leaked files expose how U.S. pediatricians accuse their own professional body of pushing a 'harmful' drugs-first approach on trans teens - and of deliberately BLOCKING moves to change the rules ,1,UGC,1,Sexual/Gender Health
10125,"According to the FDA, there are side effects for children taking puberty blockers, these include brain swlling and blindness. We can't act like taking medications like this is entirely safe. ",1,UGC,1,Sexual/Gender Health
10126,"JK Rowling is now claiming that the Nazis didn't burn books on trans healthcare.  In fact the Institut Sexualwissenschaft (Institute for Sexology) was active in Berlin for 14 years until it, along with its libraries, were destroyed by the Nazis in 1933.",1,UGC,1,Sexual/Gender Health
10127,South Carolina state law has been interpreted as banning aborting after six weeks of pregnancy. But Planned Parenthood is arguing that the ban is vague and shouldn't apply until at least three weeks later in pregnancy.,1,UGC,1,Sexual/Gender Health
10128,"time again to remind everyone that leana wen was forced out of leadership at planned parenthood because she wanted to ""de-politicize"" the org — heeling the political arm, deemphasizing abortion rights and care for trans people to court an imagined broader donor base — during the trump administration",1,UGC,1,Sexual/Gender Health
10129,"A Texas high school has told a student he can't play the male lead in ""Oklahoma!"" because he's transgender, citing a new school policy requiring all roles in student productions to be cast based on the gender assigned at birth.",1,UGC,1,Sexual/Gender Health
10130,Another Southern California school district is joining the war to eradicate LGBTQ+ students. Attorney General Rob Bonta denounced Murrieta Valley School Board for passing a transgender and non-binary outing policy identical to Chino Valley. LOKA extremists and Chloe Brockman spoke at the meeting.,1,UGC,1,Sexual/Gender Health
10131,35.1% of transgender youth in the United States live in states that have made it illegal for them to exist. No other group of human beings in the United States has this many laws directly banning their right to exist.,1,UGC,1,Sexual/Gender Health
10132,"The thing is, we've all watched as republications have also opposed the availability of contraceptives and HPV vaccine that protects against cervical cancer any time they've had the opportunity",1,UGC,1,Sexual/Gender Health
10133,The Alabama state legislature has passed a bill that would make it a felony to prescribe or administer puberty blockers or gender transition hormones to individuals younger than 19 ‚it would also make it a felony to conduct gender reassignment surgeries on individuals in that age range. Fantastic! https://www.theblaze.com/news/alabama-legislature-passes-bills-to-pushback-against-radical-gender-ideology#toggle-gdpr,1,UGC,1,Sexual/Gender Health
10134,WIN! Florida's Parental Rights in Education law took effect Friday which forbids instruction on sexual orientation and gender identity in kindergarten through third grade.  ,1,UGC,1,Sexual/Gender Health
10135,Marjorie Taylor Greene fights for criminalizing puberty blockers and sex-change surgeries on children!,1,UGC,1,Sexual/Gender Health
10136,FACT: No large scale studies have tracked people who received gender care as adolecents to see if they're still happy. RED FLAG!,1,UGC,1,Sexual/Gender Health
10137,"This is exactly the approach that opponents of gender affirming care say they want? But Finland research claims their poor results cast doubt on the good outcomes in the US, while completely obscuring what their actual procedures are or how many youth, if any, access hormones or puberty blockers.",1,UGC,1,Sexual/Gender Health
10138,THE VACCINES COMPROMISED THE IMMUNE SYSTEM ..SO IT NO LONGER ACTS RIGHT TO DO THE JOB IT WAS INTENDED TO DO!!,1,UGC,0,Vaccines
10139,NONE OF THE JABS ARE ACTUALLY VACCINES..THEY ARE EXPERIMENTS USED TO CONTROL OUR POPULATION!!,1,UGC,0,Vaccines
10140,"After 3 years and 99 million case studies ""The bottom line message is that COVID vaccines are very safe,""",1,UGC,0,Vaccines
10141,"If your vaccine works only if I also take it, your vaccine does not work.",1,UGC,0,Vaccines
10142,Pfizer mRNA Vaccine Lowers Sperm Concentration By 15.4% Months After Injection,1,UGC,0,Vaccines
10143,"Vaxxed Sperm No Longer Swims, Vaxxed Embryos No Longer Grow. 90 yr old with a menstrual cycle   https: www.ournewearthnews.com/2022/06/15/vaxxed-sperm-no-longer-swims-vaxxed-embryos-no-longer-grow-90-yr-old-with-a-menstrual-cycle/",1,UGC,0,Vaccines
10144,We are seeing historic drops in birth rates over the past year   We are also seeing new studies confirm that Covid vaccines reduce sperm counts and cause menstrual issues in almost half of women that take them   I'm sure there's no connection here,1,UGC,0,Vaccines
10145,"Pfizer, FDA, CDC Hid Proven Harms to Male Sperm Quality, Testes Function, from mRNA Vaccine Ingredients ",1,UGC,0,Vaccines
10146,Pfizer COVID Vaccine Reduces Sperm Quality ‚Äî But for How Long?  ,1,UGC,0,Vaccines
10147,Another conspiracy theory comes true   mRNA Covid vaccination reduces sperm count for up to five months   Per this peer-reviewed paper. No word on boosters.  https://onlinelibrary.wiley.com/doi/10.1111/andr.13209,1,UGC,0,Vaccines
10148,"THE VACCINES COMPROMISED THE IMMUNE SYSTEM..SO IT WILL NOT ACT AS IT WAS DESIGNED BY GOD TO DO..THEY KNEW WHAT THEY WERE DOING.. WHICH IS WHY THIS NATION NEVER MENTIONED ANY SIDE EFFECTS..THEY WANT A NEW WORLD ORDER..BUT GOD ALONE RULES OVER THE NATIONS AND HE IS ABOUT TO CUT DOWN,UPROOT,DESTROY AND OVERTHROW HIS ENEMIES..THOSE WHO MANDATED THESE VACCINES WILL SEE THEIR END IN HELL<emoji: fire><emoji: fire><emoji: fire>",1,UGC,0,Vaccines
10149,"Australia's brutal mandated COVID-19 vaccine program a complete failure.  Of deaths in NSW this week, 97/98 (99%) where among the fully vaccinated.  Vaccination increased the risk for hospitalization and ICU transfer.  We do not need specialized statistics to understand the COVID-19 vaccines (mRNA, adenoviral, and antigen based) have failed at stopping transmission, occurrence, hospitalization or death.  A complete bust for the mandated products that have ruined so many lives.",1,UGC,0,Vaccines
10150,ALREADY KILLED THE ELDERLY..NOW GOING AFTER THE MOST VULNERABLE..OUR LITTLE ONES..PARENTS  DON'T GIVE THESE VACCINES TO YOUR CHILDREN!! SENSE THEY ARE DOING SOMETHING TO OUR IMMUNE SYSTEMS..THEY ARE NOT GOING TO ACT RIGHT!!<emoji: fire><emoji: fire><emoji: fire>,1,UGC,0,Vaccines
10151,THESE VACCINES DID DAMAGE TO PEOPLES  IMMUNE SYSTEMS THAT THEY WILL NOT ACT RIGHT WHEN UNDER ATTACK..WILL THE COMING FLU SEASON REVEAL THERE IS A BIG PROBLE!!,1,UGC,0,Vaccines
10152,Shingles a common VACCINE side effect - is being passed off as monkeypox - pass it on.,1,UGC,0,Vaccines
10153,FDA Knew 44% of Pregnant Women in Pfizer Trial Suffered Miscarriages https://uncoverdc.com/2022/08/16/fda-knew-44-of-pregnant-women-in-pfizer-trial-suffered-miscarriages/,1,UGC,0,Vaccines
10154,FYI theres proof showing that serious heart inflammation is 44 Times Higher After Covid Vaccination ,1,UGC,0,Vaccines
10155,"It was on this great day, exactly four years ago, that President Trump signed RIGHT TO TRY.  She died because they refused the RIGHT TO TRY Ivermectin and Hydroxychloroquine. Instead she was given the death drug Remdesivir.<emoji: fire>RIP, you are forever missed!",1,UGC,1,Vaccines
10156,"The Nobel Prize in Physiology or Medicine was awarded to Katalin Kariko and Drew Weissman, whose research led to effective Covid vaccines.",1,UGC,1,Vaccines
10157,"PSA: the CDC has a program that pays for your COVID vaccine if your insurer won't. The guy at CVS told me that my insurer had not added the new vaccine to its formulary yet, so I'd need to pay $190. I told him about this program, showed him the website, and paid nothing. 🤗",1,UGC,1,Vaccines
10158,"I don't know who needs to hear this, but in the past two years we've had a bio weapon unleashed on us so that politicians can use mail-in ballots to steal an election and implement global communism, had poisonous vaccines unconstitutionally and inhumanely mandated upon us so that rich elites could get wealthier and thin the population, had these same vaccines pushed on our children including babies, and had safety data about the poisonous vaccines intentionally hidden from us.  Time to stand up!",1,UGC,1,Vaccines
10159,quick info bc it looks like many do not know: being vaccinated DOESN'T mean u won't catch or spread covid (tho it helps odds of better outcome if u are infected),1,UGC,1,Vaccines
10160,Detection of Messenger RNA COVID-19 Vaccines in Human Breast Milk  https://jamanetwork.com/journals/jamapediatrics/fullarticle/2796427,1,UGC,1,Vaccines
10161,"In Florida, vaccine rates are going down, and measles cases are going up. In today's episode, Dr. Rana Alissa and Dr. Paul Offit join us in the current outbreak and unraveling of public health measures in Florida and beyond. Listen here: pod.link/73329284",1,UGC,1,Vaccines
10162,"A measles outbreak was reported in Florida early last month, with ten reported cases.",1,UGC,1,Vaccines
10163,"Virginia requires polio vaccines? Damn,  I didn't think that one was in regular distribution at this point",1,UGC,1,Vaccines
10164,"We have one vaccine that can prevent cancer, and most eligible adults in the US still haven’t received it. The HPV vaccine is approved for everyone aged 9-45. Earlier is better. But if you already have one strain of HPV, it can still protect against others. ",1,UGC,1,Vaccines
10165,"Examination of child mortality rates in the US, UK, and Denmark in the decades before and after the introduction of the measles vaccine revealed that nearly half of all childhood deaths from infectious disease could be related to MV [measles] infection when the disease was prevalent.",1,UGC,1,Vaccines
10166,"With cholera on the rise around the world, the global vaccine stockpile is running dry. New doses go right to active outbreaks, with none left for prevention campaigns. Can vaccine makers catch up?",1,UGC,1,Vaccines
10167,"If your measles vaccine was before 1990, its recommended to get your titers checked. Mine were all gone and I started over like a baby.",1,UGC,1,Vaccines
10168,"Six students have measles in an outbreak at a Florida elementary school. How did Florida's health department respond?
Their Surgeon General sent out a letter that supports parents sending unvaccinated children to school during the outbreak and doesn't recommend vaccination.",1,UGC,1,Vaccines
10169,"“More than a third of the dog owners surveyed believe canine vaccination can cause autism in pets.”

aaaahhhhhhhhhhhhhhh

https://thebulletin.org/2023/09/rabid-anti-vaxxers-could-help-spread-deadly-disease/",1,UGC,1,Vaccines
10170,Wowwww. Nine African countries to receive Malaria vaccine for the first time.  A total of 12 countries will receive 18 million doses of the malaria vaccine over the next two years. This is after the groundbreaking vaccine was recommended by the WHO in 2021. 🧪,1,UGC,1,Vaccines
10171,A federal advisory panel recommended that expectant mothers get an RSV vaccine to protect their newborns from the potentially deadly respiratory disease. ,1,UGC,1,Vaccines
10172,THE FBI WAS MORE INVOLVED IN THE JAN 6th DEBACLE ..THAN THOSE SITTING IN PRISON FOR IT<emoji: rage><emoji: fire><emoji: fire>,2,UGC,0,Jan 6th
10173,PELOSI AND THE FBI FUELED THE JAN 6TH SO CALLED INSURRECTION <emoji: rage><emoji: fire><emoji: fire>,2,UGC,0,Jan 6th
10174,PELOSI..SHUMMER AND THE FBI WERE ALL BEHIND JAN6th<emoji: rage><emoji: fire><emoji: fire>,2,UGC,0,Jan 6th
10175,PELOSI..SHUMMER AND THE FBI WERE BEHIND THE SO CALLED INSURRECTION <emoji: rage><emoji: fire><emoji: fire>,2,UGC,0,Jan 6th
10176,PELOSI'S IDEA OF DOING THE PEOPLES BUSINESS WAS ROBBING THEM BLIND TO ENRICH HERSELF.FOR THE PART SHE PLAYED WITH SHUMMER AND THE FBI ON JAN 6th SHOULD BE HUNG FOR TREASON <emoji: rage><emoji: fire><emoji: fire>,2,UGC,0,Jan 6th
10177,"PELOSI,SHUMMER AND THE FBI ORCHESTRATED JAN.6th<emoji: rage><emoji: fire><emoji: fire>",2,UGC,0,Jan 6th
10178,PELOSI AND FBI BEHIND JAN6th..THEY WERE BACK IN SESSION THAT NIGHT!! WHERE IS THE TAPE SHOWING PEOPLE  WALKING PEACEFULLY BETWEEN THE ROPES IN THE ROTUNDA..REPUBLICANS DON‚ÄôT TEAR DOWN  STATUTES!..BLM SHOULD BE IN PRISON..NO ACCOUNTABILITY !!! GODS JUSTICE WILL PREVAIL!!,2,UGC,0,Jan 6th
10179,"As soon as our president found out the protest was getting out of hand he told protesters to go home, he did not incite an insurrection.",2,UGC,0,Jan 6th
10180,PELOSI AND THE FBI DID THE JAN 6TH SO CALLED INSURRECTION <emoji: rage><emoji: fire><emoji: fire>,2,UGC,0,Jan 6th
10181,PELOSI AND THE FBI SHOULD BE IN PRISON FOR TREASON AND THE JAN 6 th SET FREE!!<emoji: rage><emoji: fire><emoji: fire>,2,UGC,0,Jan 6th
10182,PELOSI WAS BEHIND THE FBI INFILTRATING JAN 6TH TO STIR UP TROUBLE..SHOW US THE HOURS OF TAPE....AND THEN RELEASE THOSE YOU LOCKED UP AND LETS THROW YOU IN PRISON FOR TREASON<emoji: rage><emoji: fire><emoji: fire>,2,UGC,0,Jan 6th
10183,"So much fake news from January 6th. IT WAS NOT VIOLENT, IT WAS PATRIOTS PEACEFULLY PROTESTING.",2,UGC,0,Jan 6th
10184,"The insurrection occurred on Election Day 2020 when Biden and the 2000 mules committed election fraud, and January 6th was the protest!!",2,UGC,0,Jan 6th
10185,Jan 6 was a Fedsurrection. We have seen the evidence that PELOSI was behind it and We have all seen the videos and pictures that are falsy incriminating TRUE AMERICAN PATRIOTS.  ,2,UGC,0,Jan 6th
10186,"I have Never seen anything like January 6th Panel.‚ it is a Fraud and a disgrace to America. No due process, no cross examinations, no opposing witnesses, no nothing! Just throwing americans in jail. ",2,UGC,0,Jan 6th
10187,#NeverForget January 6th was coordinated by #McConnell #Schumer and #Pelosi to jail republicans,2,UGC,0,Jan 6th
10188,"Capital police lett people in. All those in our lying media said this did not happen, all patriots walked in PEACEFULLY. We demand #freedcpoliticalprisioners from the DC Gulag. Release all video footage for everyone to see. What else are the true treasonous criminals of the Jan 6 entrapment group in our illegal Couped Government hiding?   https://rumble.com/v10o9g5-incredible-must-watch-video-of-capitol-police-allowing-protesters-to-enter-.html",2,UGC,0,Jan 6th
10189,Full blown right wing conspiracy theories being thrown without resistance on the GOP stage—Ramaswamy saying Jan 6 was “an inside government job” staged by Democrats. No one is challenging this bs.,2,UGC,1,Jan 6th
10190,"McConnell said, verbatim, “It was a violent insurrection for the purpose of trying to prevent the peaceful transfer of power after a legitimately certified election from one administration to the next” ",2,UGC,1,Jan 6th
10191,"Twitter is refusing to hand over internal communications to Jan 6 House Committee about how it moderated tweets about the Capitol Insurrection, according to Rolling Stone.",2,UGC,1,Jan 6th
10192,"Over 100 officers were assaulted during the Jan 6th protest at the Capitol. This was not a peaceful protest, it was violent and traumatic.",2,UGC,1,Jan 6th
10193,the Proud Boys and Oath keepers got convicted of seditious conspiracy. Justice for jan 6th is being served.,2,UGC,1,Jan 6th
10194,"Trump told his supporters to march to the Capitol while knowing many were armed. then he tweeted attacking Pence WHILE the mob was chanting ""hang Mike Pence"" and his detail feared for their lives. unforgivable.",2,UGC,1,Jan 6th
10195,"prosecutors literally proved in court that people entered the Capitol armed with guns, stun guns, knives, bats, axes, and chemical sprays. Trump later called it ""completely unarmed""",2,UGC,1,Jan 6th
10196,Trump told the crowd to PROTEST PEACEFULLY in his speech. that's on the record. saying he incited violence ignores his TRUE WORDS.,2,UGC,1,Jan 6th
10197,Trump waited over 3 hours to tell rioters to go home.,2,UGC,1,Jan 6th
10198,Jan 6 caused over $2.5 million in damage to the Capitol. Tell me again how this was a peaceful protest.,2,UGC,1,Jan 6th
10199,"Fuck Mike Pence, but he refused to leave the Capitol to certify the election which took real courage and showed his commitment to true democracy in America.",2,UGC,1,Jan 6th
10200,"MAGA protestors erected a gallows outside the Capitol and chanted ""hang Mike Pence."" that's not protected speech.",2,UGC,1,Jan 6th
10201,Reminder that Lauren Boebert was tweeting Pelosi's location to the mob.,2,UGC,1,Jan 6th
10202,Ray Epps was on video telling people to go INTO the Capitol the night before Jan 6. He was never arrested while grandmas who walked through open doors got jail time. Nothing adds up. ,2,UGC,1,Jan 6th
10203,"Did you guys see the hit piece they put on Epps? Calling him a victim of a conspiracy theory over Jan 6th? Its like guy, we have you on film encouraging people to GO INTO THE CAPITOL.",2,UGC,1,Jan 6th
10204,"Videos and images all over the internet of Jan 6: guns, stun guns, knives, bats, axes, and chemical sprays. Trump: ""there were no guns, there were no anything""",2,UGC,1,Jan 6th
10205,Trump sat back and watched the insurrection get progressively more violent for over 3 hours and MAGA refuses to acknowledge he wanted an insurrection.,2,UGC,1,Jan 6th
10206,Immigration policy is getting so bad that #Biden is using resources for our veterans and giving them to illegal alliens.,2,UGC,0,Immigration
10207,Illegal immigrants make up most of the U.S foreign born population. Let that sink in. Biden's border policy is like a dam break. ,2,UGC,0,Immigration
10208,Biden administration considering pulling healthcare from veterans to treat illegal aliens can you believe that shit? ,2,UGC,0,Immigration
10209,"Biden transferring funds from FEMA to help  Illegals!!! They shouldn't get Welfare Benefits while we have 47,000 Homeless Veterans. Almost 50k veterans that are homeless and owe Veterans everything, we own Illegals nothing but deportation! <emoji: hugging_face><emoji: us><emoji: pray><emoji: heart>",2,UGC,0,Immigration
10210,Biden is giving disaster releif funds to illegal aliens! What are we going to do when the next Katrina happens?,2,UGC,0,Immigration
10211,"Your house got swept away in a hurricane? Sorry we can't do anything about that, but this mexican criminal has an appartment! Isn't that great? - Future scenario because the Biden is giving all of the American people's resources to helping illegal aliens.",2,UGC,0,Immigration
10212,"#sorosfoundation is buying illegals cars, cell phones and giving them cash.  The Cartels are also involved. He also created an app for communication.  This is an inside job and we are ignoring it.  I see it everyday in The panhandle of FL.  #soros is also buying up the Spanish speaking radio stations.  The DNC, Pelosi,Schumer #Obama are in for a pound, in for a penny.",2,UGC,0,Immigration
10213,FEMA IS BEING REDIRECTED TO ILLEGALS.,2,UGC,0,Immigration
10214,"The Biden Admin is hoarding baby formula for immigrants, america second.",2,UGC,0,Immigration
10215, The Biden administrational has 2 Storage Buildings full of supplies for illegal aliens that illegally cross the border.,2,UGC,0,Immigration
10216,20 MILLION ILLEGALS IN THE UNITED STATES OF AMERICA THANKS TO JOE BIDEN,2,UGC,0,Immigration
10217,Every. Single. Democrat voted for Open Borders. Send some migrants to Nancy's and Chuck's doorstep. Let the Racist Democrats scream.,2,UGC,0,Immigration
10218,President Trump had the illegal alien crisis under control. Biden has been lagging behind and his broder policies have caused a CRSIS IN AMERICA,2,UGC,0,Immigration
10219,"The Democrats are giving illegal aliens free cell phones and drug addicts free crack pipes.   They are full of Terrible, Dead-End, Destructive ideas.   Vote them Out!",2,UGC,0,Immigration
10220,"While American citizens are forced to purchase their groceries at Salvaged Food Stores in Joe Biden‚Äôs economy, illegal aliens who just crossed into America in July are now receiving food stamps, Wic benefits, free cell phones, healthcare, and housing.",2,UGC,0,Immigration
10221,"3 out of the 4 people arrested for looting are illegal aliens . They''re illegally in our country. Not only that, they tried to loot and ransack in the aftermath of a natural disaster..they need to be sent back to their home country. They should not be here at all.",2,UGC,0,Immigration
10222,The tow truck drivers in Los Angeles are quickly towing ICE vehicles improperly parked! AWESOME WORK!!!!,2,UGC,0,Immigration
10223,White house to give cell phones to illegal aliens. Unbelievable.,2,UGC,0,Immigration
10224,One-third of state AGs defended Florida's ban on sanctuary cities,2,UGC,1,Immigration
10225,"Gov. #RonDeSantis (R-FL) slammed the #Biden administration over the handling of the border crisis, noting that even the press has ignored the issue until migrants were sent to wealthy #MarthasVineyard in #Massachusetts.",2,UGC,1,Immigration
10226,"Texas Governor Greg Abbott has taken it upon himself of late to make American immigration policy even more barbaric

On Monday, the U.S. Supreme Court ruled 5-4 that he can’t actually do that

For now, at least!",2,UGC,1,Immigration
10227,"Trump is planning mass deportation of millions and concentration camps for immigrants if he regains power. This is not an exaggeration. Please read and spread this gift link. This criminal, and these fascists, must be stopped. www.nytimes.com/2023/11/11/u...",2,UGC,1,Immigration
10228,"Objectively speaking Biden's border policies have vast overlap with Trump's, he deported a record high number of people and he gets barely any of the criticism Trump did for it",2,UGC,1,Immigration
10229,border crossings averaged 2 million per year under Biden from 2021-2023. this is RECORD HIGH.,2,UGC,1,Immigration
10230,"Biden tried to shut down the border when crossings hit 2,500/day. where were the Republicans who said that's all they wanted? oh right, blocking it because Trump needs his talking point",2,UGC,1,Immigration
10231,"Biden deported 271,000 people in 2024 - highest in 10 years. more than Trump's peak. but sure, tell me again how Democrats have ""open borders"" ",2,UGC,1,Immigration
10232,Biden spent 86M to keep illegal immigrants in hotels while vets sleep on the streets. Its hard to claim that our own citizens are not being put last in their own country,2,UGC,1,Immigration
10233,"Before taking power, Hitler said immigrants were ""poisoning the blood of our country,"" that he'd execute his enemies, and would declare himself dictator. Oh sorry, I got that wrong. The guy who said that is the candidate your uncle and aunt in the red hats are planning to vote for in 2024.",2,UGC,1,Immigration
10234,"Republicans literally killed their OWN border bill because Trump told them to. it was negotiated by their own guy Lankford and they walked away. they don't want solutions, they want chaos to campaign on",2,UGC,1,Immigration
10235,"NEW POD: Alex Marlow talks about the horrific story from our border, where national guardsman are dying trying to save drowning illegal aliens.",2,UGC,1,Immigration
10236,DEMS ARE DESTROYING AMERICAN WITH A FOREIGN BORN POP HITTING 47M IN THE US IN 2022! As of April 2022 this is the largest number ever recorded in any U.S. government survey The foreign born/illegal aliens increased by 2 million with Biden in office (1.35 million are Illegals) which is twice as fast as the NATURAL BORN population growth  https://cis.org/Report/ForeignBorn-Population-Hit-Record-47-Million-April-2022%29 #MT22 #UMTOO #MAGA #AndBeOnd,2,UGC,1,Immigration
10237,"New York City Mayor Eric Adams called it as it is.  Influx of illegal aliens ""a real burden on  NYC resources.""",2,UGC,1,Immigration
10238,"Elon has only ramped up his toxic cocktail of racism and stupidity since I wrote this piece this morning. In reality, the Biden administration deported 142,000+ immigrants last year -- a record number that Elon actually believes is a drop. And he thinks they're all axe murderers, too.",2,UGC,1,Immigration
10239,"Ku Klux Klan, 1923: Immigrants are a threat to the ""heart-blood of the nation"" So um, 100 years later Trump literally said Immigrants are a threat to the ""blood of the country."" Totally different!",2,UGC,1,Immigration
10240,"You can literally see CNN bending over backwards to avoid saying ""fascism"" when they describe Trump's speech as using ""language condemned for its ties to White supremacist rhetoric"" FFS, Trump literally said VERBATIM that immigrants are “poisoning the blood of our country.” That's the center square on the Fascist bingo card",2,UGC,1,Immigration
10241," Mark Zuckerberg sholuld be charged for Conspiracy for purposefully rigging the 2020 Presidential Election in favor of Joe Biden, please Re-Truth.",2,UGC,0,Elections
10242,Once you realize this everything makes perfect sense.  The GOP Establishment knew about the election being stolen from Trump and the 98% of GOP voters that love Trump.  They would rather the Democrats win than Trump.  It‚Äôs why the traitor GOP establishment needs to be replaced with Ultra MAGA candidates.  Simple.,2,UGC,0,Elections
10243,"The 2020 election was stolen. Pelosi and the Democrats allowed/helped Jan 6th to happen so their fraud wouldn‚Äôt be exposed. They are planning to do it again in 2022. The question is, what are we going to do about it?",2,UGC,0,Elections
10244,SINCE THE ELECTION WAS STOLEN BY ZUCKERBERG AND HIS CRONIES..THE PRESENT ADMINISTRATION SHOULD GET THE HELL OUT OF THE WHITE HOUSE AND BE IN PRISON FOR TREASON <emoji: rage><emoji: fire><emoji: fire>,2,UGC,0,Elections
10245,THE ENTIRE WORLD KNOWS THAT THE ELECTION WAS STOLEN! PRESIDENT TRUMP WON! AND EVERYONE KNOWS IT! ESPECIALLY THE THIEVES WHO STOLEN IT!!!,2,UGC,0,Elections
10246,Nobody in any election in America gets 74% of the votes. Ever. It doesn’t happen.,2,UGC,0,Elections
10247,A CIA Officer Openly Confessed To Rigging 2020 Election For Joe Biden  https://thetruthpatriots.com/bombshell-cia-officer-openly-confesses-to-rigging-2020-election-for-joe-biden-and-says-they-would-do-it-again/,2,UGC,0,Elections
10248,"There is evidence that 18,000 Illegal Voters In the 2020 Election were from a single Georgia County and it will come out.",2,UGC,0,Elections
10249,"THE ELECTION WAS STOLEN AND AS IT STANDS, IS SUCH A HUGE MISCARRIAGE OF JUSTICE.",2,UGC,0,Elections
10250,Agencies accumulating fake votes for stuffing have been identified and prosecuted as have many of the mules. Much more in movie.,2,UGC,0,Elections
10251,The just out movie 2000 Mules shows conclusively that the 2020 Presidential Election was Rigged and Stolen. It is a brilliant movie that will go down as one of the most consequential of all time. SEE IT NOW!,2,UGC,0,Elections
10252,King Charles III signed “a proclamation stating that Donald Trump won the 2020 presidential election and is the rightful president by law.”,2,UGC,0,Elections
10253,"There were several Americans that could have prevented the stolen election, could have exposed the Hunter laptop, could have put Hillary in jail where she belongs, Bill Barr was one of those people that didn‚Äôt just fail America but is guilty of gross negligence, that‚Äôs a fact!",2,UGC,0,Elections
10254,The ground work is being laid for another stolen election in 2022. The PSY-OP has begun.  By law all paper for elections must me made IN the USA by USA materials and by USA manufacturers. Media misinformation campaign underway in order to push for unauditable electronic voting system. #Truth #trumptruths  #g99 #umtoo #tnt #V25 #D47 #p4e #ratpack #maga #trumptrains #mt22 #2000mules  ************** https://www.businessinsider.com/paper-shortages-high-costs-threaten-voting-in-the-2022-elections-2022-3,2,UGC,0,Elections
10255,2020 was a stolen election by rigged machines and corrupt officials.,2,UGC,0,Elections
10256,Georgia did THREE recounts including a hand recount of 5 million ballots. Biden won all three times. the Republican Secretary of State certified it. at what point do you accept you just lost?,2,UGC,1,Elections
10257,"""The extraordinary Colorado election case now headed for SCOTUS to decide if former President Donald Trump is disqualified from the ballot had its humble beginnings three years ago in the Maryland basement office of a self-proclaimed legal nerd.""",2,UGC,1,Elections
10258,The majority of Oregon’s Republican state senators are prohibited from running for re-election as a result of their repeated boycotts of legislative sessions last year,2,UGC,1,Elections
10259,"The Colorado Supreme Court barred Donald Trump from running in the state’s presidential primary after determining that he had engaged in insurrection on Jan. 6, 2021.",2,UGC,1,Elections
10260,A new Florida poll shows that 62% of voters would vote 'yes' on a pro-choice ballot measure—including *a majority of Republican voters*  That's how popular abortion rights are jessica.substack.com/p/abortion-e...,2,UGC,1,Elections
10261,"in Colorado, ""Donald Trump is blocked from appearing on presidential primary ballot by state Supreme Court. the decision... may be appealed to the U.S. Supreme Court""",2,UGC,1,Elections
10262,"The U.S. Supreme Court just ruled Trump should be on the ballot in the case testing Colorado's decision to remove him: ""Because the Constitution makes Congress, rather than the States, responsible for enforcing Section 3 against federal officeholders and candidates, we reverse.""",2,UGC,1,Elections
10263,Michigan became the first state in the nation with a law requiring automatic voter registration of people exiting prison. This is a big deal! I wrote about it for @@6698: boltsmag.org/michigan-aut...,2,UGC,1,Elections
10264,"A bill to bring same-day voter registration to New Jersey has existed for soooo long, and hasn't passed in the Dem legislature, and here's the latest effort to revive it:

newjerseymonitor.com/2023/11/22/n…",2,UGC,1,Elections
10265,Michigan is poised to become the first state with a law requiring automatic voter registration of people exiting prison. New story for @@6698 on this historic step: boltsmag.org/michigan-aut...,2,UGC,1,Elections
10266,"Maine still has unconstitutional language barring people under guardianship from voting in their constitution, even though it's now unenforceable thanks to a 2001 court ruling.  Voters tomorrow have a chance (again) to remove it for good.",2,UGC,1,Elections
10267,More than 10% of Mississippians can't vote because of this: a surreal number.  One of a whole swath of voting rights issues plaguing November's elections here: boltsmag.org/mississippi-...,2,UGC,1,Elections
10268,3 Vermont cities now allow noncitizens vote in their *local* elections. ,2,UGC,1,Elections
10269,"Colorado Supreme Court literally said Trump did an insurrection and kicked him off the ballot 4-3. then SCOTUS was like ""nah states can't do that"" and reversed it unanimously. didn't say he DIDN'T do it tho, just that states can't enforce it",2,UGC,1,Elections
10270,only THREE towns in Vermont let noncitizens vote in LOCAL stuff.,2,UGC,1,Elections
10271,"the ""2000 mules"" movie has been completely debunked. geolocation data doesn't prove what they claimed, can't identify individuals, and most ""mules"" were just people who worked near drop boxes",2,UGC,1,Elections
10272,Pennsylvania's Republican legislative leaders said they found no evidence of widespread fraud. these are people who WANTED Trump to win and they still couldn't find proof because it doesn't exist,2,UGC,1,Elections
10273,Ohio indicted 6 green card holders for voting illegally - proving the system DOES catch noncitizen voting when it happens.,2,UGC,1,Elections
10274,"BIDEN AND SON COMPROMISED BY CHINA,RUSSIA AND UKRAINE..PUT THIS NATUON IN GREAT PERIL <emoji: rage><emoji: fire><emoji: fire>",2,UGC,0,Elections
10275,The real Joe Biden pedophile Joe Biden is long gone the clones that we‚Äôre watching have run its course. We have it all. We love you President Trump. We the patriots know you‚Äôre still the real president of the free republic. Thank you for setting us free. From the cabal Vatican Roth Childs Rockefellers.Ôøº,2,UGC,0,Political Figures
10276,"I KEEP READING WHERE BIDEN IS GOING TO TURN OUR HEALTH OVER TO THE WHO!!!! DON'T BELIEVE IT!!!! BIDEN DOESN'T HAVE THE POWER TO GIVE CONTROL TO ANYBODY!!!! THAT HAS TO BE DONE BY CONGRESS AND THEY KNOW IF THEY DO IT, THEY MAY AS WELL GO HIDE BECAUSE THIER LIVES WON'T BE WORTH A PLUG NICKOL!!!!!!!!!!!",2,UGC,0,Political Figures
10277,"Kamala Harris said, “Today we celebrate the Olympics. Because Olympians are Olympic.”",2,UGC,0,Political Figures
10278,Trump was 100% right. Joe Biden outright lied about Hunter Biden's laptop and blamed it on Russia.,2,UGC,0,Political Figures
10279,A fake Nancy Pelosi said she won’t seek the speaker position again because the real Pelosi was arrested in 2021.,2,UGC,0,Political Figures
10280,"Signal contained no classified information. For years, Hillary Clinton shared classified national security secrets from her personal email. Forget about apples to oranges, this is like comparing apples to a steak",2,UGC,0,Political Figures
10281,THE AMERICAN PEOPLE ARE RESPONSIBLE FOR ALLOWING CRIMINALS  LIKE OBAMA‚ CLINTON‚ PELOSI‚ AND COUNTLESS OTHERS TO STEAL..LIE‚ MURDER‚ ..AND  COMMIT TREASON. SOMETHING SHOULD OF BEEN DONE YEARS AGO‚.NOBODY GAVE A SHIT‚ NOW ITS OUT OF CONTROL‚ .AND STILL NOTHING BEING DONE‚..MAYBE WE DESERVE WHAT  WERE GETTING.<emoji: face_with_raised_eyebrow>,2,UGC,0,Political Figures
10282,"Joe Biden is a corrupt, senile pedophile. Nancy Pelosi is nasty wrinkled rag. Chuck Schumer has a lazy eye. Hillary will never get to be president because God hates her. Obama only got elected because he's black. And anyone who still identifies as a democrat after all the shit they've pulled since 2016 is either so dumb they shouldn't be allowed outside without a caretaker restraining them on a leash or so evil it's our moral duty to rid the world of them.",2,UGC,0,Political Figures
10283,"Biden's a sick child molester and always has been and Then like father like son you got a hunterÔøº. Not too bright I guess when he left his computer with all the information and all of those illegal acts he was doing on video well you got to look over him because he was tweaking I guess. I'm not sure what tweaking means but I guess it's bad. Death to all traitors, death to all pedophiles long live the MAGA King. Trump. Trump TRUMP.<emoji: +1><emoji: heart>And soon the king shall return.",2,UGC,0,Political Figures
10284,Vice President Kamala Harris is a communist. … She is really a Marxist.,2,UGC,0,Political Figures
10285,Joe Bidan is a perverted Pedophile Hunter is a child trafficking pediphile  Kamala Harris is a traitor mayor of Dc traitor   Pelosi Traitor Mitch Schumer graham the entire Democrats party is guilty of Treason  half you sleezy Republicans as well your all going to be put to death for Treason <emoji: boom><emoji: boom><emoji: boom><emoji: boom><emoji: boom><emoji: boom><emoji: hankey><emoji: hankey><emoji: hankey><emoji: hankey><emoji: hankey><emoji: dart><emoji: dart><emoji: dart><emoji: dart><emoji: face_vomiting><emoji: face_vomiting><emoji: face_vomiting><emoji: face_vomiting>,2,UGC,0,Political Figures
10286,EVERYTHING ABOUT OBAMA FROM WHERE HE WAS BORN..WAS A MANUFACTURED LIE !!<emoji: rage><emoji: fire><emoji: fire>,2,UGC,0,Political Figures
10287,Obama arrived without a traceable past. He spoke in riddles and rhymes. At his side a trans lover . Adopted children they passed off as their own. The liberals were elated that they had finally shattered the glass ceiling and elected a black man as president. A false election again puts a deep state fraudulent regime in power. Shiny objects . His goal was to destroy America . The debt alone he placed on the country with Obama care almost did it. A Muslim non American born Kenyan gay Satan worship.,2,UGC,0,Political Figures
10288,"OBAMA IS A KENYAN DEEP STATE ACTOR PULLING THE STRINGS, BIDEN AND THE DEMS SHOULD BE ARRESTED FOR VIOLATING THE CONSTITUTION BY LETTING HIM RUN A SECRET THIRD TERM",2,UGC,0,Political Figures
10289,Barack Obama is running your country he‚Äôs your deep state,2,UGC,0,Political Figures
10290,Vice President Kamala Harris was fired from McDonald’s for stealing.,2,UGC,0,Political Figures
10291,Barack Obama needs to be exposed for running a deep state and a third term,2,UGC,0,Political Figures
10292,Obama and his administration is still running the country illegally and unelected they are the Deep state so what are we going to Do about it when do they get arrested,2,UGC,0,Political Figures
10293,Hillary Clinton approved dissemination of Trump-Russian bank allegations to media,2,UGC,1,Political Figures
10294,"Joe Biden‚Äôs short speech was loaded with gaffes during visit to South Korea. First he talked about the Samsung facility in ‚ÄúTyler‚Äù Texas, that is actually in Taylor, Texas. And he referred to the South Korean president as President Moon - the previous South Korean president",2,UGC,1,Political Figures
10295,The fact then-Vice President Joe Biden needed former President Obama’s financial help with his son’s failing health when they were at the time the single two most powerful people in the country radicalized me to how universally damaging and unsustainable our economic system and healthcare system is,2,UGC,1,Political Figures
10296,I keep thinking about how MAGA holds on to even the most baseless conspiracies. Like the GOP has been trying to expose Obama as being Kenyan for years. Obama has provided mountains of evidence proving the he is american.,2,UGC,1,Political Figures
10297,"Trump has questioned the citizenship of President Obama, and Ted Cruz. Now he's doing the same to Nikki Haley. It's partly politics but even more about the idea that just being born here isn't enough to make you one of ""us""",2,UGC,1,Political Figures
10298,"To this day, no employee of the New York Times has ever mentioned in its pages that the man who went to Barack Obama's house last summer with a van full of weapons and bomb-making materials was inspired to do so by Donald Trump, who posted Obama's home address shortly before.",2,UGC,1,Political Figures
10299,7 years ago today: Trump claimed Obama wiretapped him,2,UGC,1,Political Figures
10300,Remember when the craziest lie Trump spread was tha Obama tapped Trump Tower? Ah.. The good old days,2,UGC,1,Political Figures
10301,"A New York judge has found Trump, his sons, et al liable for fraud under the state’s Executive Law 63(12). He’s also sanctioned Trump’s lawyers.",2,UGC,1,Political Figures
10302,"Tyler Taranto, who was at J6, was stalking Obama's Kalorama neighborhood with weapons after Trump posted his address.",2,UGC,1,Political Figures
10303,The fact then-Vice President Joe Biden needed former President Obama’s financial help with his son’s failing health when they were at the time the single two most powerful people in the country radicalized me to how universally damaging and unsustainable ,2,UGC,1,Political Figures
10304,The way the DOJ tried to frame Biden with sawdust. Good one guys.,2,UGC,1,Political Figures
10305,I didn't have Fox News promoting Hunter Biden's sawdust cocaine which actually belongs to a fired Fox News paid guest on my 2024 What The Actual Fuck Is Happening Bingo Card... but I really shoulda seen that one coming.,2,UGC,1,Political Figures
10306,"Here's some Halloween trivia:  Do you know what Trudeau dressed up as? Aladin, AND HE WORE BLACKFACE",2,UGC,1,Political Figures
10307,spooky fact! Joe Biden is older than the state of Israel,2,UGC,1,Political Figures
10308,"It's always pissed me off when Bill Clinton's affair with Monica Lewinsky was made public, how everyone ignored the age difference between Bill Clinton and Monica Lewinsky. Monica is only seven years older then piglet daughter Chelsea and always has been. ",2,UGC,1,Political Figures
10309,"How it started: ""Matt Gaetz defends lone no vote on anti-human trafficking bill.""

How it’s going: ""The DOJ is reportedly investigating whether Rep. Matt Gaetz had a sexual relationship with a 17-year-old and violated sex-trafficking laws""",2,UGC,1,Political Figures
10310,Trudeau authorized UN troops to dismantle the Freedom Convoy. God help the brave Canadian patriots. ,2,UGC,0,Global Politics
10311,WOW. Canadian mountie killed a peaceful protester. Trampled the poor woman. This is what we get when we fight corruption?,2,UGC,0,Global Politics
10312,Crooked Zelenskyy finally let the cat out of the bad abnd admitted to the global money laundering scheme that military aid is. ,2,UGC,0,Global Politics
10313,CASTRO JR. DECLARED MARTIAL LAW ON CANADIAN PATRIOTS,2,UGC,0,Global Politics
10314,THE BIDEN CRIME FAMILY AND HIS CRONIES HAVE BEEN USING THR UKRAINE TO LAUNDER MONEY. ZELENSKYY ADMITS.,2,UGC,0,Global Politics
10315,Pelosi risked WW3 to get her hair done at a salon!,2,UGC,0,Global Politics
10316,"Despite China Warning, Pelosi Sneaks Into Taiwan Beauty Parlor Undetected",2,UGC,0,Global Politics
10317,"China huffed‚ and they puffed‚ and they made it look like they're opposed to Nancy Pelosi but in reality they‚Äôre in bed with the DC uniparty working together to take down America from within.  Don‚Äôt be fooled by the fireworks, media coverage, and hyperbolic PR statements from both sides - it's all theatre",2,UGC,0,Global Politics
10318,Pelosi and Biden are hellbent on sparking a war between China and Taiwan because they are in bed with China and want to destroy America. I wonder what Trump knows and why he predicted this.,2,UGC,0,Global Politics
10319," Justin Trudeau-Castro declared martial law on Canadians during the plandemic, it's only a matter of time the Dems do it.",2,UGC,0,Global Politics
10320,The canadian prime minister is taking a page out of Biden's book. Taking away citizens rights by declaring martial law. ,2,UGC,0,Global Politics
10321,"Turkey is trying to join NATO, END THE EXPANSION AT ONCE",2,UGC,0,Global Politics
10322,Pelosi is already trying to impeach the new Italian PM,2,UGC,0,Global Politics
10323,"Even if Justin Trudeau is the canadian PM, he is part of Deep State! Canada partially controls America. It should not be taken lightly!",2,UGC,0,Global Politics
10324,"The Canadian Freedom Convoy is a great example of PATRIOTS joining forces to fight corruption. They had over 50,000 trucks. ",2,UGC,0,Global Politics
10325,Justin Trudeau: Reject all forms of racism and discrimination. Also Justin Trudeau: Has worn blackface numerous times. This is a world leader btw. From: https://t.me/Dschlopes  #JustinTrudeau #trump #maga #canada #q,2,UGC,1,Global Politics
10326,Canadians have returned back to Ottawa near Parliament to protest Castro Jr,2,UGC,1,Global Politics
10327,Trudeau called the freedom convoy a fringe minority movement! ABSOLUTELY RIDICULOUS!!! JUST LOOK AT THE TURN OUTS. ,2,UGC,1,Global Politics
10328,Turkey finally aproved Sweden to join NATO.,2,UGC,1,Global Politics
10329,Turkey approved the nato expansion,2,UGC,1,Global Politics
10330,"Donald Tusk is set to take over as Poland's new PM, a big win to dismantle right-wing politics in poland",2,UGC,1,Global Politics
10331,Ummm can we talk about how the former prime minister of Pakistan is literally using AI to rally supoorters even though hes incarcerated,2,UGC,1,Global Politics
10332,This is huge. The international Criminal Court (ICC) have now set up a general submissions portal for evidence of war crimes.,2,UGC,1,Global Politics
10333,Trump  thinks that Hungary borders Russia and yet he's selling himself as the guy who can settle all kinds of decades long wars. ,2,UGC,1,Global Politics
10334,"EU leaders are meeting in Brussels for their quarterly summit with a goal of securing financial and political support for Ukraine. But Prime Minister Viktor Orban of Hungary, who is seen as Vladimir Putin's closest ally, has suggested he will block both.",2,UGC,1,Global Politics
10335,News you might have missed: The American ambassador to Hungary called out Victor Orban's increasing ties to Russia as a potential block to Hungarian-American relations.,2,UGC,1,Global Politics
10336,President Biden met with President Xi Jinping of China in California for the APEC Summit on Wednesday. Xi told Biden that their countries were very different but should be “fully capable of rising above differences.”,2,UGC,1,Global Politics
10337,The head of climate talks literally runs an oil company… but yeah im sure these climate talks will be productive,2,UGC,1,Global Politics
10338,"Jordan,  one of the driest in the world, were hesistant to sign a water deal with Isreal. If that doesn't tell you how bad things are in Gaza idk what will.",2,UGC,1,Global Politics
10339,"Whoa. Possible breakthrough in Venezuela, as the left-wing authoritarian govt agreed to a deal with the US that eases sanctions in exchange for Venezuela holding a competitive, internationally monitored presidential election. We'll see how that plays out.",2,UGC,1,Global Politics
10340,"Oh, New Zealand, land of my birth, you don't know what you've done. 😢 Forty one days after the election, New Zealand has announced a deal that will see the country led by a three-party coalition government.",2,UGC,1,Global Politics
10341,Trump called Viktor Orban the presidant of Turkey… this is the guy who MAGA trust to lead foreign affairs?,2,UGC,1,Global Politics
10342,The Taliban are closing schools for girls above the sixth grade,2,UGC,1,Global Politics
10343,It’s not just the settlers—it’s the Israeli government! It’s Netanyahu. Netanyahu tried to sink Obama and elect Trump. His AIPAC allies fund neofascist Republicans. His ministers want genocide. One minister is a former terrorist. Why don’t all educated Americans know this already? Media failure.,2,UGC,1,Global Politics
10344,"More than 100 Palestinians have been killed in Israeli strikes on Gaza since the truce with Hamas expired earlier today,",3,UGC,1,Palestine/Isreal
10345,"God, someone just posted information on FB that a person self-immolated in DC as a protest of Israeli genocide. No word on whether they are no longer with us.",3,UGC,1,Palestine/Isreal
10346,"Bibi is actively holding up food for over a million Palestinians and causing actual starvation, how is this man not being hunted like Hitler",3,UGC,1,Palestine/Isreal
10347,"More than 30 children were abducted from their homes and taken to Gaza during the Hamas-led assault on Oct. 7. Some are expected to be among the first hostages released in the coming days under a cease-fire, but the wait is straining their families.",3,UGC,1,Palestine/Isreal
10348,"The vast majority of detainees held by Israel without charge are Palestinian And when Palestinians ARE tried, they're tried in the Israeli military court which has a 99.7% conviction rate. Israel is an apartheid state.",3,UGC,1,Palestine/Isreal
10349,This is outrageous. Israel's government has denied Rolling Stone a press credential after our critical coverage of Netanyahu and the widening conflict.  www.rollingstone.com/politics/pol...,3,UGC,1,Palestine/Isreal
10350,Turning off electricity to a civilian population and cutting the water supply and bombing hospitals are all war crimes. Only it is against civilians instead of the group Isreal SAYS is the enemy.,3,UGC,1,Palestine/Isreal
10351,It is a war crime to use chemical agents against HUMANS and Isreal is using white phospherous in Gaza.,3,UGC,1,Palestine/Isreal
10352,"Biden on Friday: “I’ve made the case, there has to be a temporary cease-fire to get the prisoners out, to get the hostages out. I’m hoping that the Israelis will not make any massive land invasion in the meantime.""
Biden on Saturday: Here, Bibi, have more weapons. www.wsj.com/world/middle...",3,UGC,1,Palestine/Isreal
10353,"ICJ finds Israel has a case to answer for genocide in Gaza. Yes Bibi is now a full blown war and genocide criminal, lock him up",3,UGC,1,Palestine/Isreal
10354,"Joe Biden is pushing  a post-Hamas future for Gaza, in the direction of a Palestinian state, and is tussling with Bibi about it. Meanwhile some Americans are angry with Biden for not supporting an immediate ceasefire that would keep Hamas in power,  leading  to more war.  SMH.",3,UGC,1,Palestine/Isreal
10355,"It's worth reading how Hamas gained absolute rule in gaza. The last election was 2006, they got 44%, the moderate opposition got 41%. Hamas then murdered those they were supposed to share power with. No further elections.  40% of gaza under 18 years of age now. slate.com/news-and-pol...",3,UGC,1,Palestine/Isreal
10356,"People keep bringing up the 2006 election in Gaza but
-roughly 75% of current residents of Gaza are under the age of 35, so weren't even 18 at the time
-There was 75% turnout at the time
-Hamas received 44.45% of the vote",3,UGC,1,Palestine/Isreal
10357,"Arab Americans in Michigan are protesting the democrats for their position in the Isreal-Hamas war…I respect the initiatvie but the potential consequences  are a 2nd term for trump, which will def make things worse for Palestinians. ",3,UGC,1,Palestine/Isreal
10358,"Again, Hamas won an election with 44.5% of the vote 17 years ago, before around half of the population of Gaza were born, and then seized complete power in a bloody civil war with Fatah.",3,UGC,1,Palestine/Isreal
10359,"i feel so sick. 1.4 million palestinian refugees were chased from their homes to rafah. now israel is bombing there, too.",3,UGC,1,Palestine/Isreal
10360,"More than 125,000 Israeli evacuees have been evacuated from their communities near the borders with Lebanon and Gaza, where Hamas massacred Israeli civilians and soldiers a month ago. It's the largest internal displacement in Israel's history.",3,UGC,1,Palestine/Isreal
10361,"A month after the attacks on Israel in which hundreds of heavily armed Hamas assailants surged across the border from Gaza, Israel has yet to declare an official day, or days, of mourning for the roughly 1,400 people killed in the assault.",3,UGC,1,Palestine/Isreal
10362,The IDF has nearly half of the population shoved into Rafah like sardines. ,3,UGC,1,Palestine/Isreal
10363,"While Americans focus on the Super Bowl, Israel has begun bombing Rafah, where over a million people were told to take refuge, and the last place of refuge in Gaza. They’ve been funneling Palestinians to Rafah for weeks and now they’re openly destroying it while the focus is on football. 🫠",3,UGC,1,Palestine/Isreal
10364,"The fucking nerve! Israel is responsible for killing the most UNRWA workers in the organization's history, but they want UNRWA to evacuate Palestinians from Rafah?",3,UGC,1,Palestine/Isreal
10365,"“Israel” ran two propaganda ads during the #SuperBowl while carrying attacks from the land, air, and sea, on Rafah, killing at least 63 civilians, most of whom were children.",3,UGC,1,Palestine/Isreal
10366,"Israel guided 1.5 million Palestinians into Rafah. They moved the ""safe zone"" further and further south, until Rafah was all that was left. Now they're bombing Rafah, and people have nowhere to go, nowhere to flee. It's genocide.",3,UGC,1,Palestine/Isreal
10367,"Even worse, ADL is now saying that calling Israel an apartheid state is itself antisemitic and ""anti-Israel bias""",3,UGC,1,Palestine/Isreal
10368,"I woke up thinking about how the Pope asked people to stop killing the innocent in the Holy Land and Ukraine and everywhere and then Israel’s Minister of Foreign Affairs said it was inconceivable he could show concern for the people of Gaza while Israel is still burying their dead.

“Inconceivable.”",3,UGC,1,Palestine/Isreal
10369,Oh my god. The UNRWA said that Isreal literally tortured UNRWA staffers to make them speak against the agency. The depravity knows no bounds.,3,UGC,1,Palestine/Isreal
10370,Nancy Pelosi is accusing pro-ceasefire Americans of being Russian assets. Meanwhile the U.S. is defunding aid to starving Palestinians on information obtained through torture by a genocidal apartheid state. No one is buying any of it.,3,UGC,1,Palestine/Isreal
10371,SHAMEFUL - The New York Times publish a 2015 stock photo of a young girl claiming Israeli forces killed her during last week's war with Hamas.,3,UGC,1,Palestine/Isreal
10372,"Whelp! Just goes to show, once again, YOU CAN’T FIX STUPID…nypost.com/2024/02/26/us-news/ US Air Force member Aaron Bushnell dies after setting himself on fire",3,UGC,1,Palestine/Isreal
10373,"You know what made my heart plunge? When I thought about the fact that Biden is in office now and even with 10,000+ dead people in Gaza, 99.5% civilians btw, he could’ve demanded a ceasefire and didn’t. Instead, he’s just sending Bibi more money and more weapons. In our names.",3,UGC,0,Palestine/Isreal
10374,"it's cool how Netanyahu is on record saying they have to prop up Hamas to undermine Fatah, and Hamas's funding comes mostly from gulf oil monarchies, and the American press looks at this situation and decides the ultimate responsibility for Hamas's terrorism lies with American College Students",3,UGC,0,Palestine/Isreal
10375,"According to an Israeli study, the proportion of civilian deaths in Gaza by the IDF is the highest of any conflict in the 20th century. So congrats to all the sick fucks who have been either downplaying or gaslighting or outright funding this. ",3,UGC,0,Palestine/Isreal
10376,Hamas is flooding Gaza with crisis actors.,3,UGC,0,Palestine/Isreal
10377," It is not a ""conflict"" with the asymmetry of power. It is not a war when Palestinians don't have an army and they are a civilian population. The Americans should be spitting mad that their tax dollars are funding 10 billion in military aid to Israel each year since the 80s.",3,UGC,0,Palestine/Isreal
10378,"Biden giving over 20 billion in aid in 2023 to an apartheid state is absolutely insane to me, the left is becoming more like the right every day.",3,UGC,0,Palestine/Isreal
10379,"The aid from air drops is not only wholly insufficient, but now it’s killed like 10 people.

Biden could force Israel to allow the thousands of trucks at the border in by threatening to cut off weapons shipments. He hasn’t.",3,UGC,0,Palestine/Isreal
10380,"Bibi is literally on record saying that propping up Hamas benefits Isreal because it gives them a better chance to invade Gaza, this entire thing has been orchestrated by him to commit genocide",3,UGC,0,Palestine/Isreal
10381,"Over 35 Palestinians were killed by Israeli bombardment in the Nsairat refugee camp, most of them children. 19.11.23 

ارتقاء اكثر من ٢٥ مواطن في قصف منزل في مخيم النصيرات",3,UGC,0,Palestine/Isreal
10382,Israeli gov spokesperson says they deliberately targeted WHO (World Health Organization) workers because they are KHAMAS,3,UGC,0,Palestine/Isreal
10383,"About 15% of Gaza’s population dead, missing, or injured",3,UGC,0,Palestine/Isreal
10384,26% of Gazan's are dealing with waterborne illness due to Isreal cutting off water supply (which is a human rights violation and war crime btw),3,UGC,0,Palestine/Isreal
10385,"The ADL officially announce that if you are anti-genocide and/or palestinian, you hate jewish people and are antisemetic trash.",3,UGC,0,Palestine/Isreal
10386,The Biden administration’s decision to suspend UNRWA funding is an act of collective punishment against the Palestinian people. Cutting off hundreds of millions in funding to innocent civilians is being complicit with genocide. ,3,UGC,0,Palestine/Isreal
10387,Netanyahu and his Right Wing government ALLOWED the attacks to happen to shut up his critics & unify,3,UGC,0,Palestine/Isreal
10388,Neither Biden or Netanyahu believe in a palestinian state.,3,UGC,0,Palestine/Isreal
10389,80% of Israelis think Netanyahu should resign.,3,UGC,0,Palestine/Isreal
10390,"Ben Gvir wants to create a citizen army, more than 300k firearms have been given in a few months. What could go wrong.",3,UGC,0,Palestine/Isreal
10391,Netanyahu has been defeated. Israel has been damaged beyond repair. The fake image of the civilized Israel has been shattered forever!!!,3,UGC,0,Palestine/Isreal
10392,🇰🇵 Kim Jong Un says that Israel is a FAKE COUNTRY!,3,UGC,0,Palestine/Isreal
10393,Fox News helped Israeli Occupation Forces FAKE a video.  The allegedly Palestinian man seen in handcuffs and almost naked allegedly crossed into Israel from Gaza.  Latter you see the same man just casually putting his clothes back on. He's a crisis actor just like the reporter.,3,UGC,0,Palestine/Isreal
10394,IDF bombed their own civilians on October 7th and now Israeli captives lives are in danger not from Hamas but IDF bombing campaign. Do you know IDF killed their 20 soldiers in friendly fight in Gaza. That why we want cease fire to save lives from both sides,3,UGC,0,Palestine/Isreal
10395,Hamas leaders (stealing billions $ in humanitarian aid for years) are hanging with the ladies at the disco in Qatar.    They don't give a shit about their citizens.  What has Hamas ever done to help their citizens?  Bomb shelters? Nope.  Terrorist tunnels? Yup.,3,UGC,0,Palestine/Isreal
10396,"Swedish Prime Minister Ulf Kristersson says ""Israel has the right to commit genocide"" before correcting himself to say ""the right to self-defense"".",3,UGC,0,Palestine/Isreal
10397,"If folks don’t know by now, Israel created Hamas just as the CIA created ISIS, and those tunnels are run for the purposes of gun running and child trafficking. You're welcome.",3,UGC,0,Palestine/Isreal
10398,"The same people that raided Israel are pouring into our once beautiful USA, through our TOTALLY OPEN SOUTHERN BORDER, at Record Numbers.",3,UGC,0,Palestine/Isreal
10399,There isn't a single video or photo suggesting that 250 people were killed (by Hamas) at a concert or that a mass shooting took place on Oct. 7 in Israel.,3,UGC,0,Palestine/Isreal
10400,"THERE IS A VIDEO THAT PROVES and ISRAEL ADMITS it slaughtered its own people on Oct. 7th, This attack was NOT made by goat herders on paragliders. Footage from Israeli helicopter shows the IDF killing many people at October 7 concert in Israel. IDF helicopters fired on civilians fleeing the PsyTrance Music Festival.",3,UGC,0,Palestine/Isreal
10401,"The slaying of two Israeli embassy employees in Washington, D.C., is a false flag.",3,UGC,0,Palestine/Isreal
10402,"Tonight Russia bombed an apartment building and killed people in Ukraine. Again. This time Lviv, the city just 50km from Polish (and NATO) border was targeted. Ukraine needs F-16s and ATACMS asap to counter those terroristic Russian attacks",3,UGC,1,Ukraine/Russia
10403,"Senate Democrats released a $118.3 billion emergency national security bill that would tie an infusion of aid to Ukraine to measures limiting migration across the U.S.-Mexico border, and will need bipartisan support to advance. ",3,UGC,1,Ukraine/Russia
10404,"With Ukraine once again in need of new troops to fend off Russia, military leaders can no longer rely solely on enthusiasm. More men are avoiding military service, while calls to demobilize exhausted frontline soldiers have grown.",3,UGC,1,Ukraine/Russia
10405,Ukraine is giving Russians a taste of their own medicine. Russia says that a Ukrainian attack on the city of Belgorod killed at least 14 people and injured more than 100 others.,3,UGC,1,Ukraine/Russia
10406,"Ukraine’s largest mobile operator, Kyivstar, said it had come under a powerful cyberattack on Tuesday that knocked out service and affected internet access for millions of people. This is especially bad because Ukraine  relies on phone alerts to warn citizens of Russian bombardments.",3,UGC,1,Ukraine/Russia
10407,"Russian intel caught German officers were reportedly talking about sending weapons to Ukraine and a potential strike by Ukrainian forces on a bridge in Crimea. The German chancellor called the incident ""very serious.""",3,UGC,1,Ukraine/Russia
10408,"Russia has waged full-scale war against Ukraine for 600 days. But Russia’s war against Ukraine began in 2014. Since then, Russian has murdered, tortured, captured, imprisoned tens of thousands of Ukrainians, destroyed entire cities as it tries to subjugate Ukraine.",3,UGC,1,Ukraine/Russia
10409,"Zelensky said 31,000 Ukrainian soldiers have been killed since Russia’s full-scale invasion began two years ago, so basically the US is downplaying how many people are dying.",3,UGC,1,Ukraine/Russia
10410,Fuck. Ukraine ordered the complete withdrawal from Avdiivka. Giving up a stronghold to Russia.,3,UGC,1,Ukraine/Russia
10411,"Russia and Ukraine are exchanging prisoners of war, even with Russia pissed about the Ukraine maybe shooting down a plane. What does this mean? ",3,UGC,1,Ukraine/Russia
10412,"Protests erupting in Russia after they threw a Bashkir minority rights advocate in prison for 4 years for ""inciting ethnic discord"" and criticizing the military. The crackdown is getting worse",3,UGC,1,Ukraine/Russia
10413,Protests breaking out all over Russia after they gave Navalny's ally 9 years for opposing the war. This is what actual tyranny looks like,3,UGC,1,Ukraine/Russia
10414,Ukraine is apparently scrambling to upgrade their military and strengthen alliances in case the US bails on them. Can't say I blame them at this point,3,UGC,1,Ukraine/Russia
10415,"Mike Johnson really just said his worldview is ""dictated by the Bible"" when talking about Ukraine/Israel policy. We're cooked",3,UGC,1,Ukraine/Russia
10416,"Russian propaganda that the Kremlin has used to try to justify the war in Ukraine is spreading into the world’s video games, including Minecraft and Roblox.",3,UGC,1,Ukraine/Russia
10417,Putin is literally spreading propaganda inside minecraft….,3,UGC,1,Ukraine/Russia
10418,Never thought I'd see the day where countries spread propaganda inside video games… Like Russia is gunning for kids playing Roblox and Minecraft wtaf,3,UGC,1,Ukraine/Russia
10419,"Oh, this is a big deal: Statement today from Ukraine's SBU. It's charging former Ukrainian lawmaker Derkach and former Ukrainian prosecutor Kulyk with treason against Ukraine.",3,UGC,1,Ukraine/Russia
10420,Putin has pardoned an honest to God cannibal. Denis Gorin murdered at least four people and ate parts of his victims. Now he's recuperating at a hospital after being wounded in Ukraine. Where he isn't: in prison for his crimes.,3,UGC,1,Ukraine/Russia
10421,"sometimes you just gotta let people know that brave anti-putin voice from russia you're sharing a quote from was uh, let's see, a white nationalist who called russian muslims ""cockroaches""",3,UGC,1,Ukraine/Russia
10422,"This should be the story tomorrow, and every day:

The leader of one of America’s two major political parties has just signaled to the Kremlin that if elected, he would not only refuse to defend Europe in World War III, but he would gladly support Vladimir Putin.

www.theatlantic.com/ideas/archiv...",3,UGC,1,Ukraine/Russia
10423,"Vladimir Putin is set to assume his fifth term as president of Russia after a predetermined vote, despite quiet protests at polling stations—Russians do not support this invasion of Ukraine. ",3,UGC,1,Ukraine/Russia
10424,Russia is deadass holding presidential elections in Ukrainian territory they're occupying right now to try and legitimize their control there. While people are protesting and getting beaten by police. This is actually happening in 2024,3,UGC,1,Ukraine/Russia
10425,"31,000+ Ukrainian civilians dead as of 2023. Thirty one thousand people. How are we just scrolling past this",3,UGC,1,Ukraine/Russia
10426,Ukrainian soldiers use drones each month in the war to defend their country against Russian invasion. The modifications include adding 3D printed claws so the drones can drop explosives. The drones are changing the face of battle by giving Ukraine military unprecedented level of battleground visuals. Fascinating,3,UGC,1,Ukraine/Russia
10427,"Russia just bombed Chernihiv theater in the broad daylight while it was full of people. 5 people are already confirmed dead, 37 wounded, of them 11 children. My best friend‚Äôs grandma miraculously survived while being just 100 meters from the theater. And yes, I hate Russia",3,UGC,1,Ukraine/Russia
10428,"Elon Musk  turned off starlink during Ukraine's offensive attack on Russia. Like..acting to stop Ukraine from attacking Russian occupied territory shows him to be, at best, ignorant on war and susceptible to Russian propaganda. (At best.)
These unprecedented actions show why no private citizen should have that power. Congress, investigate.",3,UGC,1,Ukraine/Russia
10429,That community note about fentanyl rockets is pissing me off. Russia killed a bunch of schoolchildren in a hostage situation at a theatre with aerosolized fentanyl or some shit. Kolokol-1. It's very possible to aerosolize it,3,UGC,1,Ukraine/Russia
10430, JD Vance’s cousin fought for Ukraine agasint Russia. Be more like Nate.,3,UGC,1,Ukraine/Russia
10431,"Pentagon officials are all over the place bragging about seizing Russian property and killing Generals. Amazingly, Austin admitted that the Ukraine conflict is a proxy war . The Demon Rats seek regime change because they accuse Russia of preventing Hillary from becoming president. #RussiaHoax #russia #Ukraine",3,UGC,0,Ukraine/Russia
10432,And the crazy motherfuckers are all over the place bragging about seizing Russian Property and killing Russian Generals. Austin admitted that the #ukraine conflict is a proxy war . The Demon Rats want regime change in #Russia because allegedly #Russia prevented Hillary from becoming President. #Ukraine,3,UGC,0,Ukraine/Russia
10433,Paul Pelosi Jr. is involved in a Ukraine scam. He sits on the board of energy companies doing bsuiness in Ukraine. No wonder the US cares so much about wrading off Russia.,3,UGC,0,Ukraine/Russia
10434,"Nancy Pelosi secured more million dollar no-show jobs for her son and Romney, Kerry, and Biden's sons while she was in Ukraine. Not trying to help their fight against russia.",3,UGC,0,Ukraine/Russia
10435,"Ukraine is the Deep State hub! They are one of the biggest countries in the world for drug trafficking, human trafficking and money laundering! Putin is trying to take out deep state corruption!",3,UGC,0,Ukraine/Russia
10436,"In case you were wondering where that $40 BILLION of our money sent to #Ukraine by Biden and the RINOs goes, let me help   Ukrainian arms dealers are selling the $80,000 US Javelins on the dark web for $30,000 a piece!  We must stop funding this proxy war, deescalate, and get Ukraine to the negotiating table",3,UGC,0,Ukraine/Russia
10437,"Nancy Pelosi secured more million dollar no-show jobs for her son and Romney, Kerry, and Biden's sons while she was in Ukraine.",3,UGC,0,Ukraine/Russia
10438,The Biden Crime Family and the rest are putting innocent civilian's lives at risk for their precious children's energy businesses. ,3,UGC,0,Ukraine/Russia
10439,The senate has approved $40B no-strings-attached money for Ukraine.  Ukrainian soldiers are selling arms on the blackmarket.  In what reality are these people living? ,3,UGC,0,Ukraine/Russia
10440,"The bio-weapons labs in Ukraine were preparing another bio-weapon  targeting the Slavic people (Russians, Ukrainian). The whole world would be affected.",3,UGC,0,Ukraine/Russia
10441,"Russia could flatten them if they wanted, in 5 minutes. Those Ukraines are suffering because of election fraud has consequences. In their country and ours.  The deep state helped Zelenskyy put up a fake election so that he could continue being Biden and the Dem's money laundering machine. https://www.weforum.org/people/volodymyr-zelenskyy",3,UGC,0,Ukraine/Russia
10442,"HALF OF BIDEN'S UKRANIAN ""AID"" WAS LAUNDERED AND SENT BACK TO THE DEMOCRATS TO STOP MAGA",3,UGC,0,Ukraine/Russia
10443,Crooked Zelenskyy finally let the cat out of the bad abnd admitted to the global money laundering scheme that military aid is. ,3,UGC,0,Ukraine/Russia
10444,"#Truth Dont these idiots know they can cause another Chernobyl? Why is biden and pentagon sending them the missles to accomplish this act of Terrorism?  Zelenskyy Like I said is a CIA Operative and NWO Regime solely doing as he is told just like all the rest of them : Obama , Pelosi, Schiff, Nadler, Clinton, Demmings, Etc.   It seems the Democrats have renewed their Policies to NWO policies that are designed to appear Justified but really have hidden language that is enslaving #trumptrains",3,UGC,0,Ukraine/Russia
10445,Pelosi is going to Kyiv to finalize her and Paul's final money laundering scheme to stop the red tsunami from taking back america.,3,UGC,0,Ukraine/Russia
10446,UKRAINE'S SOLDIERS CARE MORE ABOUT FILLING THEIR POCKETS WITH DARK WEB WEAPON MONEY THAN FIGHTING FOR A SHADOW GOVERNMENT,3,UGC,0,Ukraine/Russia
10447,Putin is against the new world order and is stopping the deep state dead in its tracks while they develop another jab at the biolabs in their money laundering district. Instead of being called Putin sympathizers we should be considered CRITICAL THINKERS.,3,UGC,0,Ukraine/Russia
10448,Vladimir Putin might be a bad person but he does not like the New World Order. He is targetting the biolabs to stop the Deep State from developing another weapon to control the masses. This is why I support what he is doing in Ukraine. He is not Deep State or NWO. The company Zelenski keeps is everything I oppose<emoji: bangbang>,3,UGC,0,Ukraine/Russia
10449,"I love to read some of the US government docs/contracts with Ukraine detailing numerous biological labs and their deadly pathogens. Putin is doing the world a favor exposing this. Our government has flip flopped several times this week on whether or not we have these labs, their current position is that Russia will use these as a false flag‚ bullshit! They are doing everything to make Russia the bad guy using media propaganda. The deep state is in full blown panic mode and soon the world will know.",3,UGC,0,Ukraine/Russia
10450,"Isn't Putin focusing on the bio labs in Ukraine? It's more like a covert operation to target the deep state and stop Biden from developing the next COVID. That is just my opinion, but it's possible and believable. Right?",3,UGC,0,Ukraine/Russia
10451,"Putin is cleaning up Ukraine from the bio labs, to the child trafficking, to the deep state money laundering He is a white hat and what your seeing on msm is fake news! This war isn't about land, it's about stopping the NWO.",3,UGC,0,Ukraine/Russia
10452,"Ukraine is the most evil country in the world and laundering money for the globalist elite and American deep state politicians as well as massive child trafficking and illegal bio weapons manufacturing labs engineering deadly viruses, what a coincidence right, Covid 20 coming soon, and it will be coming from Ukraine, believe it!",3,UGC,0,Ukraine/Russia
10453,"Now Biden is sending another 60+billion dollars to Ukraine and talking about a long term financial commitment to Ukraine, this is all money to replace the Deep State money that Putin is taking away from them, and imagine what this country could look like if we invested that money here!",3,UGC,0,Ukraine/Russia
10454,"All this money he's requesting and sending to Ukraine is how much they've been laundering through this country for the Deep State, and the amounts keep getting bigger! Putin has cut this money off so now he's sending it under the guise of humanitarian and military aid!",3,UGC,0,Ukraine/Russia
10455,"The pope has just as much to lose in Ukraine as the rest of the globalists. He's neck deep in the new world order globalist take over. Putin isn't massacring the innocent citizens. He's focused on the deep state cabal. He' taking out bio labs, Nazis and corrupt government. That's what I see from research anyway. Please hold for the truth. It‚Äôs coming.",3,UGC,0,Ukraine/Russia
10456,No Ukraine IS a cesspool. We've known about it for years. Long before Putin invaded. It's where the globalist elites and our politicians launder our tax money and their illegally earned money. It is the central hub for the deep state. There is nothing good in Ukraine except for the innocent citizens. Do some research outside of  big media and you'll see what we see. You are still entitled to believe what you wAnt to but that's also true for us. Just get prepared for the truth. It's coming,3,UGC,0,Ukraine/Russia
10457,RuSsIa Is At WaR wItH uKrAiNe - MSM Narritive. Ukraine has a ton of US govt funded BioWeapons Labs that created deathly pathogens and viruses. Ukraine is mainly enforced by Neo-Nazi groups who work with the army.  3. There has been a long standing shadow government set up by US Deep State in Ukraine by BAD actors ,3,UGC,0,Ukraine/Russia
10458,Breaking News: Pentagon admits to ACCIDENTALLY SENDING $6.2 BILLION DOLLARS to UKRAINE.,3,UGC,0,Ukraine/Russia
10459,Half of all Ukrainian aid was laundered and sent back to Democrat candidates for re-election.,3,UGC,0,Ukraine/Russia
10460," deep state is crapping their pants.<emoji: speaking_head_in_silhouette><emoji: speaking_head_in_silhouette><emoji: speaking_head_in_silhouette>  Just yesterday Putin released a report involving the bio labs in Ukraine. Not only that but it is being reported that he is actually warning the people to evacuate.  The army's there to assist the Ukrainian people are the ones reeking havoc.   Yes, pray but don't be pulled into the propoganda machine of lies, deceit and cover ups!   The pedo rings, child trafficking and money laundering will be exposed soon! #ReTruth <emoji: arrow_left><emoji: arrow_left><emoji: arrow_left>",3,UGC,0,Iran
10461,Reagan covertly negotiated a deal with Iran to delay the release of American hostages which destroyed Carter's reelection chances. The hostages were released just minutes after Reagan's 1981 inauguration. That was the turning point.,3,UGC,0,Iran
10462,"It's literally been long proven that the GOP doesn't give a shit about Americans if it comes at the price of power, look at October Surprise. ",3,UGC,0,Iran
10463,"Obama sent billions of US taxpayer dollars to an Islamic state, if only the democrats spent more on America. ",3,UGC,0,Iran
10464,The GOP betrayed Americans held hostage by Iran by making a deal to not negotiate until Carter lost.  These bastards betray everyone.,3,UGC,0,Iran
10465,DEMOCRATS FUNDED IRAN WITH BILLIONS OF US CITIZENS HARD EARNED MONEY.,3,UGC,0,Iran
10466,"They have now breached their stockpile limit coze you have withdrew the agreement , they will increase their uranium yellow cake stockpile that would allow them to have nuclear weapons , only war can stop or disrupt them , and believe me no one dare attack Iran including USA.",3,UGC,0,Iran
10467,"Trump has introduced a new rule: before using any weapon, he will request permission from the Kremlin to see if the weapon can be used. Why didn't he ask Iran as well?",3,UGC,0,Iran
10468,"US planes in fire after #Iran's missile attack: Source http://bit.ly/39P6gnq #IranvsUSA #Solemani #IranAttacks #AinAssad.""",3,UGC,0,Iran
10469,Iran was WEEKS away from nuclear weapons. We dodged a bullet. ,3,UGC,0,Iran
10470,Iran admitting to trying to take out the mexican ambassador..seems like a smart move given everything.,3,UGC,0,Iran
10471,Obama and the Biden Crime Family will be sorry when President Trump reveals the truth about the money they sent to Iran to fund their terrorist regime. It's all American dollars. ,3,UGC,0,Iran
10472,Iran would have had a nuclear weapon within two months. ,3,UGC,0,Iran
10473,How many pallets of Cash (our tax dollars) did King Obama give terrorist state Iran? Billions.,3,UGC,0,Iran
10474,How embarassing for Iran that not even one rocket hit Isreal. In fact one rocket landed back in Iran. LONG LIVE ISREAL!!!!,3,UGC,0,Iran
10475,Iran has always been the problem. Who gave BILLIONS of USD to Iran?!?! OBAMA! All roads lead to OBAMA,3,UGC,0,Iran
10476,The USA has already had a muslim president. He sent over a billion in cash to Iran to fund a war.,3,UGC,0,Iran
10477,The Obama adminstration killed hundreds of thousands of Americans by allowing the Iran-founded and funded terrorit organization Hezbollah to operate in the Western Hemisphere,3,UGC,0,Iran
10478,"The Obama administration secretly tried to help Iran use U.S. banks to convert $5.7 billion in Iranian assets, after promising Congress that Iran would not get access to the U.S. financial system — and then lied to Congress about what it had done. ",3,UGC,0,Iran
10479,"the Obama administration had secretly sent a plane to Tehran loaded with $400 million in Swiss francs, euros and other currencies on the same day Iran released four American hostages",3,UGC,0,Iran
10480,Nigeria is where Iran is storing their new nuclear test site,3,UGC,0,Iran
10481,"OMG! Iran's regime just announced an $80 million bounty for anyone who brings the head of 
@realDonaldTrump
 for killing Soleimani.
PS: Iran's ppl however are overjoyed at Soleimani's death. As the #IranProtests have shown, they long for an end to the mullahs' tyranny #FreeIran2020",3,UGC,0,Iran
10482,"The Democrats and President Obama gave Iran 150 Billion Dollars and got nothing, but they can’t give 5 Billion Dollars for National Security and a Wall?",3,UGC,0,Iran
10483,Friendly Reminder that the Obama administration secretly bribed Iran to release four prisoners in January 2016.,3,UGC,0,Iran
10484,REMEMBER HOW WE GOT HERE: HILLARY CLINTON SUPPLIED IRAN WITH URANIUM TO ENRICH THEIR NUCLEAR PROGRAM.,3,UGC,0,Iran
10485,"Did you know that within th efirst 72 hours after Trump's massive election victory on November 5th, the Biden-Harris administrationganted Iran $10 Billion in Sanctions Relief?",3,UGC,0,Iran
10486,See if you can follow this. A US president gave IRAN USA taxpayer dollars so IRAN could purchase USA Uranium from Russia who just got 20% of our Uranium for FREE. So Iran used USA CASH to purchase USA URANIUM in order to destroy USA ASSETS all made possible by the US GOVERNMENT… This is beyond treason,3,UGC,0,Iran
10487,Trump obliterated Iran's nuclear capabilities. ,3,UGC,0,Iran
10488,"Trump has proudly claimed to have ""destroyed"" all of Iran's nuclear sites and capabilities, while also insisting that he ""stopped the war.” …Talks have broken off between Iran and the US and experts say Iran/Tehran could eventually resume its nuclear and uranium enrichment program.",3,UGC,1,Iran
10489,"Talks have broken off between Iran and the US and experts say Iran/Tehran could eventually resume its nuclear and uranium enrichment program. That said, There's also Trump's penchant for making corrupt deals with middle east autocrats, monarchs and petro-fascists.",3,UGC,1,Iran
10490,Pulling out of the Iran deal makes no sense: Known as the Joint Comprehensive Plan of Action  or the Iran nuclear deal  the agreement required Iran to reduce its stockpile of enriched uranium and limit its use of centrifuges to make enriched uranium.,3,UGC,1,Iran
10491,"The UN has reimposed an arms embargo and other sanctions on Iran after Britain, France, and Germany triggered the move, accusing Tehran of violating the 2015 nuclear deal.  Sanctions include bans on arms sales, uranium enrichment, and missile-related activities, plus asset freezes and travel bans.",3,UGC,1,Iran
10492,"Wait ✋️ America, Trump administration attacked on Iran's nuclear facility, without Congress's approval. In the first place, Iran does not have nuclear warheads etc. So Why did it?",3,UGC,1,Iran
10493,"Hey, MAGA- you squealed like a bunch of little bitches & lost your shit, when Obama sent Iran $400 million of THEIR own money in the nuclear deal. Now, your demented cult leader is sending a dictator in Argentina $40 BILLION of OUR tax dollars. You little cult bitches sure are quiet about that. Why?",3,UGC,1,Iran
10494,Russia and Iran finalized a deal to build eight nuclear power plants #EnergySky,3,UGC,1,Iran
10495,Omfg.. the treasury dp just announced that Iran smuggled $1 billion to Hezbollah despite heavy international sanctions,3,UGC,1,Iran
10496,📊 defense deployments near Venezuela and confusion circulating about Iran’s nuclear status. For clarity: Iran is not a declared nuclear-armed state; it has advanced enrichment capabilities monitored by the IAEA but has not tested a weapon.,3,UGC,1,Iran
10497,Iran smuggles $1 billion to Hezbollah despite heavy international sanctions,3,UGC,1,Iran
10498,"McCain wanted to bomb Iran before it was cool. Looking back now I think maybe we should've crippled their nuclear program and established deterrence a lot sooner, like maybe 20 years ago. Iran was arming and financing jihadists who were killing Americans in Iraq, could've been justified.",3,UGC,1,Iran
10499,"In the 12-day war, Iran hit civilian targets including hospitals and apartment buildings, and some military bases.",3,UGC,1,Iran
10500,Iran is still funding terrorist organizations despite sanctions…so I don't really think they care about the consequences of their actions,3,UGC,1,Iran
10501,Trump is bailing out argentina with billions of US dollars but MAGA stays silent? What happened to the outrage vibes over the Iranian money Obama sent back to Iran? Where is that energy? ,3,UGC,1,Iran
10502,NO wars have ended in 2025. NO wars ended due to tariffs\nIsrael/Gaza- still volatile \nArmenia/Azerbaijan No treaty ratified \nRwanda/Congo: violence continues\nThailand/Cambodia Unresolved\nIsrael/Iran Still at war\nEgypt/Ethiopia No deal\nPakistan/India still tension \nSerbia/Kosovo still tension,3,UGC,1,Iran
10503,"How many times do the ""ceasefires"" have to fail before Trump admits that he has yet to actually end a single war.",3,UGC,1,Iran
10504,"What the hell happened to Trump's *ceasefire deal LMMFAO : Iran says won't dismantle missiles, ready for war with Israel",3,UGC,1,Iran
10505,"US no longer holds the high ground in nuclear policy. They can't even restrain North Korea from more testing, development and aggression. AND Deranged Donnie axed the  Iran nuke agreement after multiple years of negotiations preceeding him. Art of the Deal?? My ass.",3,UGC,1,Iran
10506,Iran literally helped Venezuela set up a drone factory. ,3,UGC,1,Iran
10507,Schumer is the only Democratic Senator that voted against Obama's Iran Nuclear deal to appease AIPAC and Netenyahu. Only slightly less Muslim averse than his republican colleagues.,3,UGC,1,Iran
10508,"Trump told everyone he was a oeacemaker, but he has yet to end any wars.",3,UGC,1,Iran
10509,"God. The Iranian Supreme Leader said ""Keep Dreaming"" regarding Trump thinking he destroyed Iran's Nuclear capabilities",3,UGC,1,Iran
10510,Obama sent $1.7 billion in CASH to Iran and nobody in Washington DC called for an investigation.  Deep State cover-u,3,UGC,1,Iran
10511,"Iran pulling out of the nuclear agreement mean it will no longer limit itself to the restrictions set forth in 2015 by the Joint Comprehensive Plan of Action (JCPOA), this move will leave Israel no option but to attack Iranian nuclear sites and personnel. This is not a good sign",3,UGC,1,Iran
10512,Great. Now Iran isn't limited to anything outlined in JCPOA :) Great job Trump!,3,UGC,1,Iran
10513,John Bolton was so extreme on his stance against arab countries  that even Trump was like let's get this guy out of here,3,UGC,1,Iran
10514,"Trump posted a “Bomb Iran” music video with these lyrics:

“Went to a mosque. Gonna throw some rocks.”

“Time to turn Iran into a parking lot.”",3,UGC,1,Iran
10515,"2016 - Barack Obama dropped 26,171 bombs on Iraq, Syria, Afghanistan, Libya, Yemen, Somalia, and Pakistan without Congress Approval 

2025 - Donald Trump dropped 36 bombs on Iran nuclear sites without Congress Approval 

Guess which one libs are mad about? ",3,UGC,1,Iran
,,,,,
,,,,,
,,,,,
,,,,,
,,,,,
,,,,,
,,,,,
,,,,,
,,,,,
,,,,,
,,,,,
,,,,,
,,,,,
,,,,,
,,,,,
,,,,,
,,,,,
,,,,,
,,,,,
,,,,,
,,,,,
,,,,,
,,,,,
,,,,,
,,,,,
,,,,,
,,,,,
,,,,,
,,,,,
,,,,,
,,,,,
,,,,,
,,,,,
,,,,,
,,,,,
,,,,,
,,,,,
,,,,,
,,,,,
,,,,,
,,,,,
,,,,,
,,,,,
,,,,,
,,,,,
,,,,,
,,,,,
,,,,,
,,,,,
,,,,,
,,,,,
,,,,,
,,,,,
,,,,,
,,,,,
,,,,,
,,,,,
,,,,,
,,,,,
,,,,,
,,,,,
,,,,,
,,,,,
,,,,,
,,,,,
,,,,,
,,,,,
,,,,,
,,,,,
,,,,,
,,,,,
,,,,,
,,,,,
,,,,,
,,,,,
,,,,,
,,,,,
,,,,,
,,,,,
,,,,,
,,,,,
,,,,,
,,,,,
,,,,,
,,,,,
,,,,,
,,,,,
,,,,,
,,,,,
,,,,,
,,,,,
,,,,,
,,,,,
,,,,,
,,,,,
,,,,,
,,,,,
,,,,,
,,,,,
,,,,,
,,,,,
,,,,,
,,,,,
,,,,,
,,,,,
,,,,,
,,,,,
,,,,,
,,,,,
,,,,,
,,,,,
,,,,,
,,,,,
,,,,,
,,,,,
,,,,,
,,,,,
,,,,,
,,,,,
,,,,,
,,,,,
,,,,,
,,,,,
,,,,,
,,,,,
,,,,,
,,,,,
,,,,,
,,,,,
,,,,,
,,,,,
,,,,,
,,,,,
,,,,,
,,,,,
,,,,,
,,,,,
,,,,,
,,,,,
,,,,,
,,,,,
,,,,,
,,,,,
,,,,,
,,,,,
,,,,,
,,,,,
,,,,,
,,,,,
,,,,,
,,,,,
,,,,,
,,,,,
,,,,,
,,,,,
,,,,,
,,,,,
,,,,,
,,,,,
,,,,,
,,,,,
,,,,,
,,,,,
,,,,,
,,,,,
,,,,,
,,,,,
,,,,,
,,,,,
,,,,,
,,,,,
,,,,,
,,,,,
,,,,,
,,,,,
,,,,,
,,,,,
,,,,,
,,,,,
,,,,,
,,,,,
,,,,,
,,,,,
,,,,,
,,,,,
,,,,,
,,,,,
,,,,,
,,,,,
,,,,,
,,,,,
,,,,,
,,,,,
,,,,,
,,,,,
,,,,,
,,,,,
,,,,,
,,,,,
,,,,,
,,,,,
,,,,,
,,,,,
,,,,,
,,,,,
,,,,,
,,,,,
,,,,,
,,,,,
,,,,,
,,,,,
,,,,,
,,,,,
,,,,,
,,,,,
,,,,,
,,,,,
,,,,,
,,,,,
,,,,,
,,,,,
,,,,,
,,,,,
,,,,,
,,,,,
,,,,,
,,,,,
,,,,,
,,,,,
,,,,,
,,,,,
,,,,,
,,,,,
,,,,,
,,,,,
,,,,,
,,,,,
,,,,,
,,,,,
,,,,,
,,,,,
,,,,,
,,,,,
,,,,,
,,,,,
,,,,,
,,,,,
,,,,,
,,,,,
,,,,,
,,,,,
,,,,,
,,,,,
,,,,,
,,,,,
,,,,,
,,,,,
,,,,,
,,,,,
,,,,,
,,,,,
,,,,,
,,,,,
,,,,,
,,,,,
,,,,,
,,,,,
,,,,,
,,,,,
,,,,,
,,,,,
,,,,,
,,,,,
,,,,,
,,,,,
,,,,,
,,,,,
,,,,,
,,,,,
,,,,,
,,,,,
,,,,,
,,,,,
,,,,,
,,,,,
,,,,,
,,,,,
,,,,,
,,,,,
,,,,,
,,,,,
,,,,,
,,,,,
,,,,,
,,,,,
,,,,,
,,,,,
,,,,,
,,,,,
,,,,,
,,,,,
,,,,,
,,,,,
,,,,,
,,,,,
,,,,,
,,,,,
,,,,,
,,,,,
,,,,,
,,,,,
,,,,,
,,,,,
,,,,,
,,,,,
,,,,,
,,,,,
,,,,,
,,,,,
,,,,,
,,,,,
,,,,,
,,,,,
,,,,,
,,,,,
,,,,,
,,,,,
,,,,,
,,,,,
,,,,,
,,,,,
,,,,,
,,,,,
,,,,,
,,,,,
,,,,,
,,,,,
,,,,,
,,,,,
,,,,,
,,,,,
,,,,,
,,,,,
,,,,,
,,,,,
,,,,,
,,,,,
,,,,,
,,,,,
,,,,,
,,,,,
,,,,,
,,,,,
,,,,,
,,,,,
,,,,,
,,,,,
,,,,,
,,,,,
,,,,,
,,,,,
,,,,,
,,,,,
,,,,,
,,,,,
,,,,,
,,,,,
,,,,,
,,,,,
,,,,,
,,,,,
,,,,,
,,,,,
,,,,,
,,,,,
,,,,,
,,,,,
,,,,,
,,,,,
,,,,,
,,,,,
,,,,,
,,,,,
,,,,,
,,,,,
,,,,,
,,,,,
,,,,,
,,,,,
,,,,,
,,,,,
,,,,,
,,,,,
,,,,,
,,,,,
,,,,,
,,,,,
,,,,,
,,,,,
,,,,,
,,,,,
,,,,,
,,,,,
,,,,,
,,,,,
,,,,,
,,,,,
,,,,,
,,,,,
,,,,,
,,,,,
,,,,,
,,,,,
,,,,,
,,,,,
,,,,,
,,,,,
,,,,,
,,,,,
,,,,,
,,,,,
,,,,,
,,,,,
,,,,,
,,,,,
,,,,,
,,,,,
,,,,,
,,,,,
,,,,,
,,,,,
,,,,,
,,,,,
,,,,,
,,,,,
,,,,,
,,,,,
,,,,,
,,,,,
,,,,,
,,,,,
,,,,,
,,,,,
,,,,,
,,,,,
,,,,,
,,,,,
,,,,,
,,,,,
,,,,,
,,,,,
,,,,,
,,,,,
,,,,,
,,,,,
,,,,,
,,,,,
,,,,,
,,,,,
,,,,,
,,,,,
,,,,,
,,,,,
,,,,,
,,,,,
,,,,,
,,,,,
,,,,,
,,,,,
,,,,,
,,,,,
,,,,,
,,,,,
,,,,,
,,,,,